source_sent	target_sent	target_id	gold_sent	gold_id
Ba'y on palkondywit.	Que c'est beau !	835	Accompagne-la.	49
Ba'y on palkondywit.	Mets deux carottes avec la viande !	723	Accompagne-le.	954
Ba yo on palkondywit.	Les lapins ont de longues oreilles.	695	Accompagne-les.	874
A dèmen !	Voici Ophélie.	971	À demain !	417
Rédé mwen.	Voici Anna.	951	Aide-moi.	162
Rédé mwen !	Merci beaucoup, ce sera tout.	718	Aidez-moi !	48
Rédé mwen.	Tu es en train de maigrir !	908	Aidez-moi.	100
An nou akaz a'y !	Il est six heures.	264	Allons chez elle !	39
An nou akaz a'y !	Vous avez un gros nez.	986	Allons chez lui !	710
An nou akaz a'w !	Il a cent ans.	197	Allons chez toi !	743
Limé bouji-la.	Voici Gaston.	957	Allume la bougie.	318
Limé limyè-la.	Il m'a fait perdre le fil de mes idées.	288	Allume la lumière.	136
Limé bouji-la.	Le jeune garçon a raté son bac.	684	Allumez la bougie.	66
Alò, ka ou fè ?	Elles mangent du riz.	175	Alors, comment vas-tu ?	431
Aoyi ka dansé.	Je n'ai pas assez d'engrais azoté pour mes cannes à sucre.	540	Aoi danse.	918
Bay waka !	Combien d'enfants ont-elles ?	83	Applaudissez !	822
Apwé manjé-la, an toujou ka manjé on fwi.	J'aime les patates douces.	414	Après le repas, je mange toujours un fruit.	561
Ou ni dé liv ?	Oui, pourquoi ?	797	As-tu deux livres ?	102
Ou ni bon vlen ?	Combien coûtent ces chaussures ?	81	As-tu du bon venin ?	85
Ou pèd lajan'w ?	Tu mangeras.	921	As-tu perdu ton argent ?	261
Ès ou ja fè manjé la ?	Nous l'avons fait exprès !	757	As-tu préparé le repas ?	187
A talè !	Il va faire beau.	344	À tout à l'heure !	589
Ovwa !	La boussole indique le nord.	657	Au revoir !	714
Avan an té enmé'w.	Elles ont un gros nez.	183	Autrefois je t'aimais.	359
Avan mwen té enmé'w.	J'ai quatorze ans.	442	Autrefois je t'aimais.	198
Ès ni ou tab pou senk moun ?	Jésus est vivant !	606	Avez-vous une table pour cinq ?	641
Bésé mizik-la !	Dans le futur, je serai chanteur !	94	Baisse la musique !	567
Byenvini !	J'ai besoin de toi.	362	Bienvenue !	40
Byenbonjou, non an mwen sé Tina.	Je mange une glace.	516	Bonjour, je m'appelle Tina.	355
Bonjou ! Non an mwen sé Tòm.	J'ai six ans.	449	Bonjour ! Je m'appelle Tom.	927
Bonjou konpè ! Ka sa yé ?	Ne pleure plus !	742	Bonjour mon ami ! Comment ça va ?	482
Bonswa !	Non, ne fais pas ça !	747	Bonsoir !	540
Bonswè !	Si elles veulent.	875	Bonsoir !	169
Bonswa, ka ou fè ?	Il est sur son balcon.	265	Bonsoir, ça va ?	608
Bonswè, ka ou fè ?	C'est très bon !	68	Bonsoir, ça va ?	685
Bonswa madanm !	Peux-tu retirer cinquante euros ?	816	Bonsoir Madame !	411
Bonswè madanm !	Je m'appelle Luis.	529	Bonsoir Madame !	796
Bonswa mésyézédanm !	Ils ont quatre-vingts dollars.	333	Bonsoir Mesdames et Messieurs !	966
Bonswè mésyézédanm !	Elles boivent beaucoup d'eau.	171	Bonsoir Mesdames et Messieurs !	628
Bonswè misyé !	Allons chez elle !	7	Bonsoir monsieur !	328
Pa ni ayen !	Bienvenue !	27	Ça va !	688
Sa k'ay ?	Il est moins grand que lui.	255	Ça va ?	383
Sa k'ay.	J'ai cent ans.	363	Ça va.	138
Siléma-lasa ka fè yo pè.	Il allait manger.	206	Ce film leur fait peur.	492
Motè lasa ka fè dis anpè.	J'habite à Saint-François.	647	Ce moteur fait dix ampères.	845
Sa pa asiwé.	Voici Jérémie.	963	Ce n'est pas certain.	313
A pa lapenn.	Il a dix ans.	200	Ce n'est pas la peine.	629
A pa manman an mwen.	Voici Christophe.	954	Ce n'est pas ma mère.	775
A pa Mawi ?	Aidez-moi !	5	Ce n'est pas Marie ?	507
A pa sè an mwen.	Accompagne-la.	0	Ce n'est pas ma sœur.	489
A pa fwè an mwen.	Il garde ses secrets pour lui.	280	Ce n'est pas mon frère.	707
A pa Èstéfann ?	C'est une très bonne cavalière.	69	Ce n'est pas Stéphane ?	588
A pa Tòm ?	Nous cherchons du travail.	755	Ce n'est pas Tom ?	938
A pa jé !	Ils boivent beaucoup d'eau.	313	Ce n'est pas une blague !	558
Pwasa-lasa bidim !	Je ne peux pas faire ça demain.	548	Ce poisson est immense !	311
Sé liv-lasa bazé si Labib.	Où étais-tu passé ?	784	Ces livres sont basés sur la Bible.	948
Sé konsa mwen yé.	Donne lui-en !	122	C'est ainsi que je suis.	368
Sé konsa i yé.	J'ai mangé du pain.	388	C'est ainsi qu'elle est.	773
Sé konsa nou yé.	Tu n'allais pas manger.	926	C'est ainsi que nous sommes.	447
Sé konsa zò yé.	Je viens de manger un falafel.	639	C'est ainsi que vous êtes.	129
Sé konsa i yé.	Il n'a pas mangé.	296	C'est ainsi qu'il est.	133
Sé konsa yo yé.	Donnez-lui l'anesthésie.	150	C'est ainsi qu'ils sont.	346
An ka palé ba'w.	Je suis de France.	575	C'est à toi que je m'adresse.	597
A sa ou di.	Je suis en train de manger une pomme.	584	C'est ce que tu dis.	222
Sa kon sa.	Il est tellement froussard qu'il ne veut pas aller dehors le soir.	266	C'est comme ça.	635
I ka wété kotésit.	Je suis malade.	592	C'est ici qu'il habite.	553
Sé'y menm ki fè kaz a'y.	Allumez la bougie.	12	C'est lui-même qui a construit sa maison.	484
Sé fimèl-bèf an mwen.	Il a quarante-deux ans.	215	C'est ma vache.	528
Sa bon menm !	Donne-moi ce petit pain.	127	C'est très bon !	34
Sé on bon kavalyèz toubòlman.	Donne-moi le dictionnaire.	137	C'est une très bonne cavalière.	51
Sé on bon dansèz toubòlman.	J'ai quarante ans.	439	C'est une très bonne danseuse.	794
Sé on bon najèz toubòlman.	Voici Flavien.	956	C'est une très bonne nageuse.	885
Sé on bon chantè toubòlman.	Non, ne fais pas ça !	748	C'est un très bon chanteur.	410
Sé on bon najè toubòlman.	Où sommes-nous ?	805	C'est un très bon nageur.	415
Apawèy-lasa two konpliké ban mwen.	Dans le futur, je serai danseuse !	97	Cet appareil photo est trop sophistiqué pour moi.	287
Répons-lasa sé érè.	Le zouk est le seul remède que nous ayons.	705	Cette réponse est fausse.	737
An malad a wòb-lasa.	L'ouïe est le sens qui permet d'entendre.	707	Cette robe me plaît énormément.	816
Chanté ba on bouwikèt, sé kaka i ké ba'w.	Ne touche pas à ça !	746	Chantez pour un âne, il vous donnera des crottes.	662
Syèl !	Tu n'aurais pas dû me faire ça.	929	Ciel !	499
Ki pwi a mayo-lasa ?	Je cherche des amis.	471	Combien coûte ce maillot de bain ?	457
Ki pwi a pantalon-lasa ?	Si tu veux.	883	Combien coûte ce pantalon ?	759
Ki pwi a soulyé-lasa ?	Levez le pied, il y a des enfants qui jouent ici !	701	Combien coûtent ces chaussures ?	18
Konmen timoun i tini ?	Vous avez mangé.	985	Combien d'enfants a-t-il ?	807
Konmen timoun yo tini ?	J'aime rêver.	426	Combien d'enfants ont-elles ?	15
Kijan ou touvé fim-la ?	Mon père est chasseur.	736	Comment as-tu trouvé le film ?	199
Kijan zòt fè ?	As-tu du bon venin ?	18	Comment faites-vous ?	201
Kijan ?	Je suis allé le voir samedi dernier.	571	Comment ?	299
Kijan yo fè'y ?	Je cherche un magasin de jouets.	486	Comment l'ont-ils fait ?	316
Kijan a'w ?	Si elle veut.	876	Comment vas-tu ?	284
Ay tou dwèt !	Voici Xavier.	980	Continuez tout droit !	342
Hélé !	Je vais manger un citron.	633	Crie !	964
Hélé !	Donne-moi la boîte.	132	Criez !	94
Plita, an ké on avyatè !	Il se lave.	315	Dans le futur, je serai aviateur !	787
Plita, an ké on chanpyon ténis !	J'ai besoin de toi.	361	Dans le futur, je serai championne de tennis !	987
Plita, mwen ké on chantè !	Criez !	91	Dans le futur, je serai chanteur !	26
Plita, mwen ké on chantèz !	Je mangerai un kiwi.	511	Dans le futur, je serai chanteuse !	915
Plita, mwen ké on dansè !	Il y a beaucoup de fumée.	350	Dans le futur, je serai danseur !	172
Plita, mwen ké on dansèz !	Jeune homme, quelles sont tes intentions au sujet de ma fille ?	631	Dans le futur, je serai danseuse !	74
Dàn k'ay koumansé.	Tu me manques.	924	Dan va commencer.	195
Woté ba-la asi bouwikèt-la !	Quand il vit la quantité de fruits sur le corossolier, il se mit à chanter.	828	Débâte l'âne !	691
Doubout !	Aidez-moi.	6	Debout !	785
Ayisyen débaké Mawi-Galant.	Il mange une glace à la vanille.	291	Des Haïtiens ont débarqué à Marie-Galante.	612
Dis, onz, douz, trèz, katòz, kenz, sèz, disèt, dizywit, diznèf, ven.	As-tu deux livres ?	17	Dix, onze, douze, treize, quatorze, quinze, seize, dix-sept, dix-huit, dix-neuf, vingt.	827
Dis, ven, trant, karant, senkant, swasant, swasanndis, katrèven, katrèven-dis, san.	Il faut que tu ajustes la porte.	275	Dix, vingt, trente, quarante, cinquante, soixante, septante, huitante, nonante, cent.	125
Ban manman sa !	Qu'est-ce qu'on était fatigués hier !	858	Donne ça à maman !	353
Ba papa sa !	Es-tu d'ici ?	186	Donne ça à papa !	135
Ba Jàn boutèy-lasa.	Un jeune garçon s'est noyé en mer.	941	Donne cette bouteille à Jeanne.	121
Ba Èstéfann ponm-la.	Éteins la lumière !	187	Donne la pomme à Stéphane.	980
Ban manman li !	J'ai une touche avec elle.	461	Donne-le à maman !	458
Ba'y li !	Je m'appelle Lucas.	528	Donne-le lui !	723
Ban mwen i.	Qu'est-ce que ça veut dire ?	853	Donne-le-moi.	644
Ban mwen li !	Je suis plus grand qu'eux.	603	Donne-le moi !	548
Ban nou li !	Il a onze ans.	211	Donne-le nous !	568
Ba yo sak-lasa.	Que font les assistants ministériels pour nous ?	843	Donne-leur ce sac.	301
Ba yo chèz-la.	Supposons qu'ils ne veuillent pas venir.	891	Donne-leur la chaise.	454
Ba yo pen-la.	Il est l'amour de ma vie.	253	Donne-leur le pain.	443
Ba yo sé liv-la.	J'ai cinquante et un ans.	368	Donne-leur les livres.	912
Ba yo téléfòn-la.	Je cherche un magasin de chaussures.	485	Donne-leur le téléphone.	664
Ban'y liv-lasa.	Le nerf est sous la peau.	689	Donne-lui ce livre.	960
Ba'y tan manman !	Je cherche un poissonnier.	491	Donne-lui celui de maman !	631
Ba'y ta papa !	Il a marqué trois buts pendant le match.	209	Donne-lui celui de papa !	910
Ba i balan !	Donne cette bouteille à Jeanne.	106	Donne-lui de l'élan !	238
Ba'y adan'y !	Il a vingt ans.	234	Donne lui-en !	56
Ba'y adan'y !	J'aime dormir.	409	Donne-lui en.	126
Ban'y liv-la.	Il est temps de partir.	267	Donne-lui le livre.	928
Ban'y sé liv-la.	Dix, vingt, trente, quarante, cinquante, soixante, septante, huitante, nonante, cent.	103	Donne-lui les livres.	593
Ban mwen ti kayé lasa.	Donne-lui en.	123	Donne-moi ce petit cahier.	651
Ban mwen ti pen lasa.	Ils n'allaient pas manger.	327	Donne-moi ce petit pain.	68
Ban mwen ti liv lasa.	Si tu passes trop de temps à te balader, tu n'auras rien à manger !	882	Donne-moi ces petits livres.	585
Ban mwen abajou-lasa.	C'est ainsi que vous êtes.	59	Donne-moi cet abat-jour.	831
Ban mwen bwèt-lasa.	La voiture s'est enlisée dans un bourbier.	672	Donne-moi cette boîte.	502
Ban mwen abajou-la.	Je lis; tu écris.	497	Donne-moi l'abat-jour.	286
Ban mwen bwèt-la.	Je n'ai pas gardé un bon souvenir de lui.	542	Donne-moi la boîte.	91
Ban mwen boutèy-la.	C'est ainsi qu'il est.	60	Donne-moi la bouteille.	572
Ban mwen kywiyè-la.	J'ai des enfants.	372	Donne-moi la cuiller.	934
Ban mwen salad-la.	Donne ça à papa !	105	Donne-moi la salade.	675
Ban mwen kouto-la.	Allume la lumière.	11	Donne-moi le couteau.	426
Ban mwen diksyonnè-la.	Voici Delphine.	955	Donne-moi le dictionnaire.	69
Ban mwen fomaj-la.	Ça va.	42	Donne-moi le fromage.	621
Ban mwen liv-la.	J'aime calculer.	396	Donne-moi le livre.	887
Ban mwen pen-la.	Nous t'avons fait vivre avec l'éloquence de nos doigts, au rythme de nos douleurs, de nos chagrins.	770	Donne-moi le pain.	693
Ban mwen ti liv la.	Je t'aime !	622	Donne-moi le petit livre.	252
Ban mwen sé kayé-la.	Elles cherchent du travail.	172	Donne-moi les cahiers.	445
Ban mwen sé chèz-la.	Elles m'ont demandé qui j'étais.	177	Donne-moi les chaises.	630
Ban mwen sèl-la.	Tu t'es trompé.	937	Donne-moi le sel.	661
Ban mwen sé fouchèt-la.	Ils ne mangent pas.	330	Donne-moi les fourchettes.	367
Ban mwen vè-la.	Je t'aime aussi.	611	Donne-moi le verre.	751
Ban mwen on pa bonbon.	L'ours avance vers nous.	708	Donne-moi une part de gâteau.	820
Ban mwen on pa bonbon souplé.	J'ai un an.	460	Donne-moi une part de gâteau, s'il te plaît.	893
Ba yo pyé, yo ka pwan men.	J'ai huit ans.	385	Donnez-leur le pied, ils prennent la main.	768
Ba'y landòmi.	Me voilà !	725	Donnez-lui l'anesthésie.	61
Onsèl koul baton, i abazoudi konpè lapen.	Ils marchent très vite.	326	D'un seul coup de bâton, il assomma compère lapin.	576
O madanm, ès ou ni on ti almanak pou ou ban mwen ?	Il est moins grand que toi.	257	Eh, madame ! Vous n'avez pas un petit calendrier pour moi ?	865
I achté on fétou an alimignòm.	Je me lève tôt.	537	Elle a acheté un fait-tout en aluminium.	206
I ni santan.	On dirait que vous êtes malades.	773	Elle a cent ans.	352
I ni dé gwo bajòl.	Je cherche un marchand de glaces.	489	Elle a deux grosses bajoues.	834
I ka limé bouji-la.	J'habite aux Abymes.	649	Elle allume la bougie.	216
I ni on gwo né.	Ma mère est vendeuse au marché.	713	Elle a un gros nez.	907
I ka chèché travay.	J'aime Tatoeba.	430	Elle cherche du travail.	817
I ka kouri.	Voici Thomas.	977	Elle court.	463
I sé moun isit.	J'aime ce cinéma.	399	Elle est d'ici.	506
Sa ka fè ywit mwa i ansent.	Elle est l'amour de ma vie.	163	Elle est enceinte de huit mois.	738
I kòlè davwa ou pati.	Aide-moi.	4	Elle est fâchée car tu es partie.	921
I sé lanmou lavi an mwen.	J'aime lire.	416	Elle est l'amour de ma vie.	161
I mwen gwan pasé mwen.	Il vous faut y aller de nouveau.	349	Elle est moins grande que moi.	978
Sé èspwé i fè sa !	Je lis; tu écris.	498	Elle l'a fait exprès !	277
I ka lavé jip a'y.	Tu es aveugle ?	906	Elle lave sa jupe.	394
I anvyolé mwen.	J'aime parler.	422	Elle m'a violé.	347
I pa manjé.	Je mangerai.	505	Elle n'a pas mangé.	669
I ka pòté anlo lò.	Bonsoir !	32	Elle porte beaucoup de bijoux.	185
Yo ka limé bouji-la.	Il a deux ans.	199	Elles allument la bougie.	779
Yo ka bwè dlo on pil.	Voici Valentine.	978	Elles boivent beaucoup d'eau.	38
Yo ka chèché travay.	Dans le futur, je serai danseur !	96	Elles cherchent du travail.	142
Yo ka fè on bonbon.	Je tiens le coup.	630	Elles font un gâteau.	419
Sé èspwé yo fè sa !	Il a treize ans.	228	Elles l'ont fait exprès !	761
Yo ka manjé diwi.	Il a soixante-dix ans.	227	Elles mangent du riz.	13
Yo ké manjé.	Ralentissez, il y a des enfants qui jouent ici !	865	Elles mangeront.	370
Yo mandé mwen ki moun an té yé.	Je t'aimais.	608	Elles m'ont demandé qui j'étais.	143
Yo pa manjé.	Oui, allons-y.	785	Elles n'avaient pas mangé.	569
Yo pa ka manjé.	J'aime chanter.	402	Elles ne mangent pas.	760
Yo pé ké manjé.	Il mange une glace.	292	Elles ne mangeront pas.	462
Yo pa ka manjé.	J'ai cinq ans.	365	Elles ne sont pas en train de manger.	474
Yo fè on bonbon.	Où se trouve le rayon enfant ?	803	Elles ont fait un gâteau.	228
Yo ni on gwo né.	Ils vont à la messe.	342	Elles ont un gros nez.	23
Ès ou pé di dé ékip-lasa alabalans ?	Que deviens-tu ?	837	Est-ce qu'on peut dire que ces deux équipes sont à égalité ?	762
I sé moun isit ?	Elle porte beaucoup de bijoux.	169	Est-il d'ici ?	993
Ou sé moun isit ?	Nous sommes moins grands que vous.	768	Es-tu d'ici ?	105
Étenn limyè-la !	As-tu préparé le repas ?	20	Éteins la lumière !	107
Zòt sé moun isit ?	Il a dix-huit ans.	201	Êtes-vous d'ici ?	448
É zòt ?	La robe n'est pas propre.	668	Et vous ?	397
Eskizé mwen.	Les coyotes hurlent la nuit.	692	Excuse-moi.	486
Èskizé nou, Èstéfann vlé mandé'w on biten.	Je cherche une parfumerie.	478	Excusez-nous, Stéphane veut vous demander quelque chose.	501
Manga mwen.	J'ai onze ans.	435	Fais attention à moi.	947
Fè sa ba manman !	Les premiers habitants de Marie-Galante furent des Arawak.	697	Fais ça pour maman !	853
Fè ba !	J'ai deux frères et trois sœurs.	375	Fais un bisou !	698
Gouté manjé-la pou vwè si i ni bon sèl !	Dan va commencer.	98	Goûte pour voir si c'est assez salé !	891
Gidé mwen.	Tu manges une glace.	923	Guide-moi.	255
I ni santan.	J'ai raté l'avion.	445	Il a cent ans.	9
I ni senkan.	Autrefois je t'aimais.	24	Il a cinq ans.	209
I ni dézan.	Comment as-tu trouvé le film ?	84	Il a deux ans.	170
I ni dizan.	Je pense à toi.	561	Il a dix ans.	46
I ni dizywitan.	Comment faites-vous ?	85	Il a dix-huit ans.	188
I ni diznèf lanné.	Il faut que j'aille en ville, mais je n'ai pas d'argent.	274	Il a dix-neuf ans.	357
I ni douzan.	Il faut que tu le leur dises.	276	Il a douze ans.	726
I ni ywitan.	Nous sommes moins grands qu'eux.	767	Il a huit ans.	510
I ni ywit lanné.	Sa femme vend des carottes sous le marché couvert.	870	Il a huit ans.	676
I té k'ay manjé.	Elle a acheté un fait-tout en aluminium.	153	Il allait manger.	43
I ka limé bouji-la.	La princesse est montée dans son carrosse.	666	Il allume la bougie.	323
I manjé.	Il ne mange pas.	299	Il a mangé.	937
I maké kat bi an match-la.	Il a cinq ans.	198	Il a marqué trois buts pendant le match.	120
I ni katwèven lanné.	Peut-on dire que ces deux équipes sont à égalité ?	814	Il a octante ans.	583
I ni onzan.	J'aime danser.	408	Il a onze ans.	112
I pran pwa.	Voici Octave.	970	Il a pris du poids.	580
I pwan pwa.	Tu es plus grand qu'eux.	915	Il a pris du poids.	322
I ni kawannkat lanné.	Je suis haïtien.	591	Il a quarante ans.	401
I ni kawanndézan.	J'ai perdu une chaussure ; je suis sûr qu'on l'a cachée.	438	Il a quarante-deux ans.	67
I ni kawantéennan.	Elle allume la bougie.	156	Il a quarante-et-un ans.	470
I ni kawanntwazan.	Je suis constipé.	572	Il a quarante-trois ans.	590
I ni katòz lanné.	Je préfère les légumes crus aux légumes cuits.	566	Il a quatorze ans.	505
I ni kat lanné.	Je cherche une épicerie.	477	Il a quatre ans.	441
I ni katwèven lanné.	Il y aura du vent.	358	Il a quatre-vingts ans.	517
I ni katwèvenen lanné.	Que deviens-tu Christiane ?	836	Il a quatre-vingt-un ans.	579
I ni kenzan.	C'est ce que tu dis.	63	Il a quinze ans.	606
I ni sèzan.	Il est dix heures.	247	Il a seize ans.	331
I ni sètan.	Je n'ai pas mangé.	544	Il a sept ans.	700
I ni sizan.	Il faut que tu le lui dises.	277	Il a six ans.	274
I ni swasant lanné.	Je m'appelle Laurie.	527	Il a soixante ans.	636
I ni swasanndis lanné.	J'habite en Basse-Terre.	652	Il a soixante-dix ans.	175
I ni twèzan.	Elles ont fait un gâteau.	182	Il a treize ans.	174
I ni twantéennan.	J'ai mangé du pain.	387	Il a trente-et-un ans.	278
I ni twanntwazan.	J'aime ce magasin.	401	Il a trente-trois ans.	914
Sa ka fè dézan i ni on kansè, mé i ka kité byen.	Tu es plus grand que nous.	914	Il a un cancer depuis deux ans, mais il resiste bien.	660
I ni on gwo né.	Il est français.	251	Il a un gros nez.	789
I té ni on boutik, mé sa ja anba dlo.	Nous pleurons.	765	Il avait une boutique, mais elle a déjà fait faillite.	514
I ni ventan.	Quand j'ai vu le chien, j'ai pris mes jambes à mon cou.	829	Il a vingt ans.	122
I ni venndézan.	Je suis martiniquais.	596	Il a vingt-deux ans.	703
I ni ventéen lanné.	Je suis marié.	595	Il a vingt-et-un ans.	263
I ni venntwazan.	Où doit-elle aller ?	782	Il a vingt-trois ans.	750
I ka chasé lapen.	Donne-lui de l'élan !	121	Il chasse le lapin.	578
I ka chèché travay.	Il y a huit chevaux.	352	Il cherche du travail.	848
I ka kouri.	Vous savez pourtant que la vie est dure.	998	Il court.	793
I mandé ki moun Èstéfann yé.	Voici Marie.	969	Il demanda qui était Stéphane.	603
Misyé ka vini anflé.	Il s'est enfui à toute vitesse.	317	Il enfle.	722
I fèt avèg.	Voici Jean.	962	Il est aveugle de naissance.	563
I senkè d'maten.	Ils font un gâteau.	319	Il est cinq heures du matin.	851
Misyé rantré alvantis.	J'aime ce magasin.	400	Il est devenu adventiste.	923
I sé moun isit.	J'ai quatre ans.	443	Il est d'ici.	754
Ka fè dizè.	Je me lave.	536	Il est dix heures.	223
I ka jwé.	Il faut que tu reviennes.	278	Il est en train de jouer.	378
I ka palé.	Mieux vaut qu'ils partent.	730	Il est en train de parler.	896
I malad a fanm-la.	Il n'y a pas de quoi.	304	Il est fou de cette femme.	767
I sé moun Fwans.	Quel temps fait-il ?	851	Il est français.	232
Ka fè ywitè.	Donne-moi le petit livre.	141	Il est huit heures.	280
I sé lanmou lavi an mwen.	Ils mangent du riz.	321	Il est l'amour de ma vie.	115
I malad.	Je t'aime papa.	625	Il est malade.	344
I mwen gwan pasé'y.	Guide-moi.	196	Il est moins grand que lui.	41
I mwen gwan pasé mwen.	La clé est sur le dessus du buffet.	659	Il est moins grand que moi.	729
I mwen gwan pasé'w.	Tu deviens quoi ?	904	Il est moins grand que toi.	152
Ka fè névè.	Nous allions manger.	751	Il est neuf heures.	962
I anho an nou tout.	Tu n'es pas en train de manger.	932	Il est notre supérieur.	459
Ka fè wonzè.	On m'a volé mes papiers et mon porte-monnaie.	776	Il est onze heures.	747
I mwen gwan pasé zò.	As-tu perdu ton argent ?	19	Il est plus grand que vous.	745
Ka fè katwè.	La clef est sur le dessus du buffet.	660	Il est quatre heures.	372
Ka fè sètè.	Il a vingt-et-un ans.	236	Il est sept heures.	668
Ka fè sizè.	J'ai cent dollars dans ma poche.	364	Il est six heures.	7
I anlè balkon a'y.	Quand viendra-t-elle ?	832	Il est sur son balcon.	33
I tèlman kapon, i pa vlé sòti déyò lè swa.	Qu'il est moche !	863	Il est tellement froussard qu'il ne veut pas aller dehors le soir.	64
Ja lè pou pati.	Où se trouve le rayon pour femmes ?	804	Il est temps de partir.	124
I tonbé babap épi misyé.	J'aime rire.	427	Il est tombé nez à nez avec lui.	648
Ka fè twazè.	Ne m'oublie pas ! Je t'aime !	740	Il est trois heures.	362
I té tèlman an bab !	Quand viens-tu ?	834	Il était dans un tel pétrin !	653
I ka ba bèf bwè.	Je suis nageuse.	600	Il fait boire les bœufs.	813
Ka fè nwè.	Tu me plais.	925	Il fait noir.	339
An bizwen ay an vil.	Qu'il est laid !	862	Il faut que j'aille en ville.	936
An bizwen ay an vil, an pa ni lajan.	Il a six ans.	225	Il faut que j'aille en ville, mais je n'ai pas d'argent.	202
Fò ou ajisté pòt-la !	La foudre est tombée sur un arbre.	662	Il faut que tu ajustes la porte.	103
Fo ou di yo sa.	Ne fais pas ça !	738	Il faut que tu le leur dises.	203
Fo ou di'y sa.	Elle l'a fait exprès !	165	Il faut que tu le lui dises.	225
Fo'w rouvini.	Il a trente-et-un ans.	229	Il faut que tu reviennes.	248
Syèl-la ké chajé.	N'oublie pas de fermer la porte avec la barre !	750	Il fera nuageux.	901
Sèkré a'y sé ta'y.	Il est huit heures.	252	Il garde ses secrets pour lui.	50
I ka rété Outsiplou.	Voici Jocelyn.	964	Il habite à Outsiplou.	711
I ka rété anlè mòn-la.	Je t'aime, Tom.	628	Il habite sur la colline.	884
I ka mèt an lidé a'y sa i k'ay fè apwé.	Oui !	798	Il imagine ce qu'il fera plus tard.	574
I ka jwé.	Comment vas-tu ?	88	Il joue.	994
Sé èspwé i fè sa !	Si je veux.	877	Il l'a fait exprès !	432
I ka lavé loto-la.	Donne-moi l'abat-jour.	131	Il lave la voiture.	609
I ka lavé loto a'y.	Cet appareil photo est trop sophistiqué pour moi.	74	Il lave sa voiture.	480
I fè mwen pèd fil an mwen.	Vous ne mangez pas.	995	Il m'a fait perdre le fil de mes idées.	11
I ké manjé.	Tu es moins grand que moi.	910	Il mangera.	873
I pé ké manjé.	Je m'appelle Sasha.	532	Il mangera.	393
I ka manjé on sòwbé vanni.	Oui. Merci.	795	Il mange une glace à la vanille.	101
I ka manjé on sòwbé.	Je pense à toi.	560	Il mange une glace.	180
I anvyolé mwen.	Va bercer ta petite sœur !	944	Il m'a violé.	704
I pa té k'ay manjé.	Il n'a rien compris.	297	Il n'allait pas manger.	933
I pa ni entéré viré ankò.	La 404 a le levier de vitesse au volant.	655	Il n'a pas intérêt à revenir.	973
I pa manjé.	Ils l'ont fait exprès !	320	Il n'a pas mangé.	60
I pa konprann hak.	Ne roule pas tes vêtements en boule.	745	Il n'a rien compris.	294
I pa ka konpwann ayen.	Vous alliez manger.	982	Il ne comprend rien.	904
I pa ka manjé.	Comment ?	86	Il ne mange pas.	208
I pa flanbo.	On ne te rencontre pas souvent.	779	Il n'est pas brillant.	772
I pa ka manjé.	Donne-leur ce sac.	113	Il n'est pas en train de manger.	523
Misyé pa ayen a'w.	J'ai perdu une chaussure.	437	Il n'est rien pour toi.	717
Apatoudi di an ké fè, sé an ka fè.	Quel est ton grade ?	846	Il ne suffit pas de dire je ferai, il faut le faire.	364
Pa ni pwoblèm.	Il y aura de la houle en mer.	357	Il n'y a pas de quoi.	250
Pa ni ayen pou manjé an péyi-la.	Le monsieur a la barbe blanche.	688	Il n'y a rien à manger dans le pays.	871
I chyé alakous.	Où es-tu né ?	783	Il prit ses jambes à son cou.	777
Ka rété dé kilomèt avan rivé-la.	J'aime les navets.	412	Il reste deux kilomètres avant l'arrivée.	464
I woutouné dé men balan, men an pòch a'y.	Je m'appelle Andrea.	523	Il retourna les mains vides, les mains dans les poches.	542
I ké wouvini.	Ils allument la bougie.	312	Il reviendra.	727
I alzé i ka fè.	Tu n'as pas raison.	928	Il roule les mécaniques.	377
Yo té k'ay manjé.	Ce poisson est immense !	54	Ils allaient manger.	627
Yo ka limé bouji-la.	Tu peux t'asseoir.	935	Ils allument la bougie.	309
Yo ka bwè dlo on pil.	Ce n'est pas certain.	45	Ils boivent beaucoup d'eau.	53
Yo ka chèché travay.	Vous n'avez pas mangé.	993	Ils cherchent du travail.	435
I ka lavé'y.	J'ai trente ans.	453	Il se lave.	92
I balansé sèk a'y an gèl a'y.	Comment l'ont-ils fait ?	87	Il s'envoya un petit rhum derrière la cravate.	687
I foukan kawata.	J'aime boire.	394	Il s'est enfui à toute vitesse.	242
Yo té las.	Allume la bougie.	10	Ils étaient fatigués.	920
Yo ka fè on bonbon.	Ils mangent.	323	Ils font un gâteau.	244
Sé èspwé yo fè sa !	Je suis plus grand que lui.	602	Ils l'ont fait exprès !	296
Yo ka manjé diwi.	S'ils veulent.	879	Ils mangent du riz.	253
Yo ka manjé.	Il a pris du poids.	213	Ils mangent.	963
Yo manjé.	Il allume la bougie.	207	Ils mangent.	319
Yo ké manjé.	Je n'ai pas gardé un bon souvenir d'elle.	541	Ils mangeront.	802
Yo ka maché vit vit vit.	Nous sommes tes amis.	769	Ils marchent très très vite.	844
Yo ka maché vit vit.	Ne pleure pas.	741	Ils marchent très vite.	151
Yo pa té k'ay manjé.	Je t'aime papa.	626	Ils n'allaient pas manger.	127
Yo dwèt pa té manjé asé.	Bonsoir monsieur !	39	Ils n'avaient pas dû manger assez.	982
Yo pa manjé.	Le volcan entre en éruption.	703	Ils n'avaient pas mangé.	854
Yo pa ka manjé.	Sa voiture était neuve lorsqu'il l'a bousillé.	872	Ils ne mangent pas.	145
Yo pa ka manjé.	Il a seize ans.	223	Ils ne sont pas en train de manger.	961
Yo manjé anki patat.	Je suis fatigué !	589	Ils n'ont mangé que des patates douces.	774
Yo ni katwèven dòla.	Tu manges.	922	Ils ont quatre-vingts dollars.	37
Yo ni on gwo né.	Oui, pourquoi ?	796	Ils ont un gros nez.	679
Yo té ka bo.	Je cherche un centre commercial.	474	Ils s'embrassaient.	638
Yo té ka bo yo.	Je t'aime.	609	Ils s'embrassaient.	806
Yo té ka bo yonn a lòt.	La carrosserie de la voiture est toute rouillée.	658	Ils s'embrassaient.	977
Yo kouché yonn anlè lòt.	Je mange un kiwi.	518	Ils sont couchés l'un sur l'autre.	380
Yo sé moun isi.	Il fait noir.	272	Ils sont d'ici.	828
Yo ka manjé.	Je suis marié.	594	Ils sont en train de manger.	860
Yo ka wété adan on gwan gwan kaz.	Que fera Jéhovah ?	842	Ils vivent dans une immense maison.	983
Yo ka alé an lanmès.	Continuez tout droit !	89	Ils vont à la messe.	183
Misyé ka touché lajan anba-fèy.	Que deviens-tu Marie ?	838	Il touche de l'argent en secret.	477
Tan-la ké bèl.	Il est malade.	254	Il va faire beau.	21
Tan-la ké cho.	Il y a quelqu'un qui se noie !	354	Il va faire chaud.	434
I ké vin démen.	C'est ainsi qu'ils sont.	61	Il viendra demain.	812
I ké vini démen.	Elle m'a violé.	167	Il viendra demain.	512
Misyé vòlè anba-anba.	Je suis constipé.	573	Il vole en cachette.	879
Fo zòt wou-alé ankò.	Je m'appelle Stéphane.	534	Il vous faut y aller de nouveau.	164
Ni onlo lafimé.	Je suis en colère.	582	Il y a beaucoup de fumée.	96
Ni òksijèn andidan boutèy-lasa.	J'ai trois frères.	458	Il y a de l'oxygène dans cette bouteille.	498
Ni ywit chival.	Elle a cent ans.	154	Il y a huit chevaux.	239
Ni ywit chouval.	Donne ça à maman !	104	Il y a huit chevaux.	861
Ni on moun ka néyé !	Je t'aime aussi.	610	Il y a quelqu'un qui se noie !	345
Tin swasant segonn adan on minit.	Bonjour, je m'appelle Tina.	28	Il y a soixante secondes dans une minute.	427
Ni on moun blésé.	Tu dois manger ça.	905	Il y a un blessé.	985
Lanmè-la ké ni gwo lanm.	Il a dix-neuf ans.	202	Il y aura de la houle en mer.	304
Van ké vanté.	Je sais où il est.	568	Il y aura du vent.	220
Mwen achté on téléfòn nèf.	Autrefois je t'aimais.	23	J'ai acheté un nouveau téléphone.	422
An bizwen vwè'w.	Tu es d'ici.	907	J'ai besoin de te voir.	701
An bizwen vou.	Je suis en train de manger un sandwich.	587	J'ai besoin de toi.	93
Mwen bizwen vou.	Il est trois heures.	269	J'ai besoin de toi.	27
Mwen ni santan.	Je suis en train de manger un sandwich.	586	J'ai cent ans.	42
An ni san dòla an pòch an mwen.	Il ne suffit pas de dire je ferai, il faut le faire.	303	J'ai cent dollars dans ma poche.	264
An ni senkan.	Tom pleure tout le temps.	894	J'ai cinq ans.	181
Mwen ni senk dòla an pòch an mwen.	Je mangerai un kiwi.	512	J'ai cinq dollars dans ma poche.	564
An ni senkantan.	Donne-moi les fourchettes.	145	J'ai cinquante ans.	771
An ni senkantéennan.	C'est ainsi que je suis.	56	J'ai cinquante et un ans.	116
Mwen ni senkant éwo an pòch an mwen.	Tu cherches du travail.	903	J'ai cinquante euros dans ma poche.	467
An ja éséyé wòb-la.	Elles mangeront.	176	J'ai déjà essayé la robe.	945
An ni timoun.	Voici Alice.	950	J'ai des enfants.	602
Mwen ni timoun.	Il est quatre heures.	262	J'ai des enfants.	134
An ni dézan.	J’aime chanter.	403	J'ai deux ans.	683
An ni dé frè.	Ma maison est plus grande que la tienne.	712	J'ai deux frères.	673
Mwen ni dé frè é twa sè.	Nous avons mangé.	753	J'ai deux frères et trois sœurs.	194
Mwen ni dé frè.	Je mangeais un kiwi.	500	J'ai deux frères.	600
An ni dizywitan.	Il roule les mécaniques.	310	J'ai dix-huit ans.	649
Mwen ni dizywitan.	Il est en train de jouer.	248	J'ai dix-huit ans.	487
An ni disètan.	Je suis français.	590	J'ai dix-sept ans.	618
An ni douzan.	Ils sont couchés l'un sur l'autre.	338	J'ai douze ans.	645
An baké Fòdfwans é misyé lasa.	Je n'allais pas manger.	545	J'ai embarqué à Fort-de-France avec ce monsieur.	488
An baké Lapwent é madanm lasa.	L'avion s'est écrasé.	671	J'ai embarqué à Pointe-à-Pitre avec cette dame.	405
An fen !	Ça va ?	41	J'ai faim !	770
Mwen fen !	Mieux vaut qu'on parte.	731	J'ai faim !	471
An ni ywitan.	Où se trouve le centre commercial ?	801	J'ai huit ans.	149
An manjé.	L'emballage était défectueux, il y a deux verres de cassés.	687	J'ai mangé.	856
An manjé pen.	Qu'est-ce que j'ai couru !	856	J'ai mangé du pain.	229
Mwen manjé pen.	J'aime Cathy.	398	J'ai mangé du pain.	57
An enmé aprann.	Qui sont-ils ?	864	J'aime apprendre.	803
An enmé apwann.	Qu'est-ce que c'est que ce tapage !	855	J'aime apprendre.	839
Mwen enmé aprann.	Je choisis mes vêtements sur catalogue.	492	J'aime apprendre.	757
Mwen enmé apwann.	Salut, je m'appelle Tom !	871	J'aime apprendre.	892
An enmé bwè.	Il mangera.	290	J'aime boire.	725
Mwen enmé bwè.	Elle lave sa jupe.	166	J'aime boire.	317
An enmé kalkilé.	Mieux vaut que vous partiez.	728	J'aime calculer.	838
Mwen enmé kalkilé.	J'ai un nouveau téléphone.	463	J'aime calculer.	139
An enmé Kati.	Et vous ?	189	J'aime Cathy.	620
Mwen enmé Kati.	Nous mangeons.	759	J'aime Cathy.	388
An enmé siléma-lasa.	Nous n'avons pas mangé.	761	J'aime ce cinéma.	160
An enmé magazen-lasa.	Oui, deux.	789	J'aime ce magasin.	245
Mwen enmé magazen-lasa.	Il a quarante ans.	214	J'aime ce magasin.	230
An enmé chanté.	Viens faire un bisou à papa !	947	J'aime chanter.	179
An enmé chanté.	Je m'appelle Tom et voici Marie.	535	J’aime chanter.	373
Mwen enmé chanté.	Peux-tu retirer trente euros ?	821	J’aime chanter.	655
An enmé kouri.	J'ai embarqué à Pointe-à-Pitre avec cette dame.	382	J'aime courir.	712
Mwen enmé kouri.	Me voilà bien embêté !	724	J'aime courir.	659
An enmé dansé.	Que veux-tu me demander, Stéphane ?	859	J'aime danser.	809
Mwen enmé dansé.	Où se trouve le centre commercial ?	802	J'aime danser.	211
An enmé dòmi.	Je t'aimais.	607	J'aime dormir.	123
Mwen enmé dòmi.	C'est un très bon chanteur.	72	J'aime dormir.	970
An enmé fomaj a kabwit.	Bonsoir Madame !	35	J'aime le fromage de chèvre.	537
An enmé navé.	Le beurre a fondu dans la boîte.	676	J'aime les navets.	307
An enmé zwazo.	Je t'aime beaucoup.	616	J'aime les oiseaux.	958
An enmé patat.	Se reverra-t-on ?	873	J'aime les patates douces.	16
An enmé li.	C'est un très bon nageur.	73	J'aime lire.	485
Mwen enmé li.	J'aime rire.	428	J'aime lire.	163
An enmé manjé.	À demain !	3	J'aime manger.	916
Mwen enmé manjé.	Vole !	981	J'aime manger.	984
An enmé maché.	Elles font un gâteau.	173	J'aime marcher.	819
Mwen enmé maché.	Je t'aime beaucoup.	614	J'aime marcher.	846
An enmé najé.	Vous me comprenez ?	991	J'aime nager.	976
An enmé palé.	J'ai acheté un nouveau téléphone.	359	J'aime parler.	167
Mwen enmé palé.	Stéphane veut vous demander quelque chose.	887	J'aime parler.	949
An enmé péché.	La barre sous le vent !	656	J'aime pêcher.	880
Mwen enmé péché.	Moi aussi !	732	J'aime pêcher.	900
Mwen enmé révé.	Donne-moi le couteau.	136	J'aime rêver.	83
An enmé ri.	Il y a soixante secondes dans une minute.	355	J'aime rire.	268
Mwen enmé ri.	Voici Cécile.	952	J'aime rire.	416
An enmé Tatoeba.	J'ai trois ans.	456	J'aime Tatoeba.	616
Mwen enmé Tatoeba.	Je t'aime, Tom.	627	J'aime Tatoeba.	158
Mwen enmé Tòm.	Alors, comment vas-tu ?	13	J'aime Tom.	556
An enmé travay.	Il l'a fait exprès !	285	J'aime travailler.	450
Mwen enmé travay.	Venez !	946	J'aime travailler.	453
An ni nèvan.	Il va faire chaud.	345	J'ai neuf ans.	731
An ni onzan.	Ils cherchent du travail.	314	J'ai onze ans.	192
An pèd alyans an mwen.	Tu liras une lettre.	920	J'ai perdu mon alliance.	536
An pèd on koté soulyé.	Peux-tu retirer quatre-vingts euros ?	819	J'ai perdu une chaussure.	302
An pèd on koté soulyé, sèten yo kaché i.	Quelle heure est-il ?	849	J'ai perdu une chaussure ; je suis sûr qu'on l'a cachée.	215
An ni karantan.	Tu es en train de manger.	909	J'ai quarante ans.	70
An ni karanndézan.	Quand arrive un nouveau maître, les élèves le mettent toujours à rude épreuve.	826	J'ai quarante-deux ans.	520
Mwen ni karanndézan.	Il a quatre ans.	219	J'ai quarante-deux ans.	769
An ni katòzan.	Voici Georges.	958	J'ai quatorze ans.	24
An ni katran.	Donne-leur le pain.	115	J'ai quatre ans.	246
An ni kenzan.	Levons-nous.	704	J'ai quinze ans.	786
An manké avyon-la.	Donne-moi les cahiers.	142	J'ai raté l'avion.	197
An ni sèzan.	Je m'appelle Emily.	524	J'ai seize ans.	991
Mwen ni sèz éwo an pòch an mwen.	C'est ainsi que nous sommes.	58	J'ai seize euros dans ma poche.	473
An santi on gout lapli, an k'ay kaché.	Êtes-vous d'ici ?	188	J'ai senti une goutte de pluie, je vais m'abriter.	932
An ni sizan.	Tu aimes danser.	897	J'ai six ans.	29
An ni swansantéennan.	J'aime travailler.	432	J'ai soixante et un ans.	826
An ni trèzan.	Le ciel sera chargé.	677	J'ai treize ans.	686
An ni trantan.	Viens !	948	J'ai trente ans.	996
Mwen ni trantan.	J'aime travailler.	433	J'ai trente ans.	315
An ni tranndézan.	Donne-leur la chaise.	114	J'ai trente-deux ans.	780
An ni trantéennan.	Nous avons pris un bon bain de mer.	754	J'ai trente et un ans.	604
An ni twazan.	Je suis de Martinique.	577	J'ai trois ans.	429
Mwen ni twa éwo an pòch an mwen.	Combien coûte ce maillot de bain ?	79	J'ai trois euros dans ma poche.	864
An ni twa frè.	Donne-le à maman !	108	J'ai trois frères.	351
Mwen ni twa frè.	Il est notre supérieur.	259	J'ai trois frères.	551
An ni onnan.	Voici Quentin.	973	J'ai un an.	148
An ka kwè mwen agou a-y.	Je ne veux rien voir.	558	J'ai une touche avec elle.	108
An ni on frè é dé sè.	Elles ne mangeront pas.	180	J'ai un frère et deux sœurs.	547
An ni on téléfòn nèf.	Elle court.	159	J'ai un nouveau téléphone.	396
An ni ventan.	Il reste deux kilomètres avant l'arrivée.	307	J'ai vingt ans.	619
An ni venndézan.	Peux-tu retirer soixante euros ?	820	J'ai vingt-deux ans.	965
An ni ventéennan.	Je suis écrivain.	581	J'ai vingt et un ans.	855
An ni venntwazan.	J'ai cinquante euros dans ma poche.	369	J'ai vingt-trois ans.	895
An vwè bato ka pasé o fon-la.	J'ai vu de frands bateaux passer au large.	468	J'ai vu de frands bateaux passer au large.	468
Mwen ka limé bouji-la.	Oui, allons-y.	786	J'allume la bougie.	541
Mwen ka bwè èvè on pay.	Il a quarante-et-un ans.	216	Je bois avec une paille.	746
An ka chèché zanmi.	J'ai faim !	384	Je cherche des amis.	79
An ka chèché travay.	Vous êtes d'ici.	988	Je cherche du travail.	911
An ka chèché sé nonm-la.	J'ai seize euros dans ma poche.	447	Je cherche les hommes.	950
Mwen ka chèché on sant komèwsyal.	Elles ne sont pas en train de manger.	181	Je cherche un centre commercial.	335
Mwen ka chèché on bouchri.	Je suis en train de jouer.	583	Je cherche une boucherie.	634
An ka chèché on boulanjri.	Je n'aime pas les navets.	539	Je cherche une boulangerie.	742
Mwen ka chèché on lolo.	Il touche de l'argent en secret.	343	Je cherche une épicerie.	219
Mwen ka chèché on parfumri.	La Terre n'est pas une étoile.	669	Je cherche une parfumerie.	191
Mwen ka chèché on fanmasi.	Peux-tu retirer cent euros ?	815	Je cherche une pharmacie.	663
Mwen ka chèché on chèl.	Il lave sa voiture.	287	Je cherche une station d'essence.	815
Mwen ka chèché on chèl.	On dirait que tu es malade.	772	Je cherche une station-essence.	999
Mwen ka chèché on chèl.	Bonjour mon ami ! Comment ça va ?	30	Je cherche une station-service.	642
Mwen ka chèché on boutik a flè.	Vous ne mangerez pas.	994	Je cherche un fleuriste.	897
An ka chèché on machann sòwbé.	C'est lui-même qui a construit sa maison.	66	Je cherche un glacier.	842
Mwen ka chèché on boutik a soulyé.	J'aime lire.	415	Je cherche un magasin de chaussures.	117
An ka chèché on boutik a joujou pou timoun.	Excuse-moi.	190	Je cherche un magasin de jouets.	87
Mwen ka chèché on boutik a lenj.	J'ai dix-huit ans.	378	Je cherche un magasin de vêtements.	552
Mwen ka chèché on timawché.	J'ai embarqué à Fort-de-France avec ce monsieur.	381	Je cherche un marchand de fruits et légumes.	500
An ka chèché on machann sòwbé.	Ce n'est pas ma sœur.	49	Je cherche un marchand de glaces.	155
Mwen ka chèché on machann pwason.	Papa, je t'aime !	810	Je cherche un marchand de poisson.	538
Mwen ka chèché on machann pwason.	On joue au ballon à l'extérieur.	775	Je cherche un poissonnier.	119
An ka chwazi lenj an mwen asi katalòg.	Ce film leur fait peur.	43	Je choisis mes vêtements sur catalogue.	391
An ka fè manjé èvè lywil zoliv.	Voici Pierre.	972	Je cuisine à l'huile d'olive.	667
An ka jwé.	Je te parle.	629	Je joue.	898
Sé èspwé an fè sa !	Le livre est blanc.	685	Je l'ai fait exprès !	862
An ka lavé chimiz-la.	Que devons-nous faire ?	841	Je lave la chemise.	929
An ka li, ou ka ékri.	Non !	749	Je lis; tu écris.	131
Mwen ka li, ou ka ékri.	Il y a de l'oxygène dans cette bouteille.	351	Je lis; tu écris.	165
An manjé on ponm.	Ciel !	78	Je mangeais un kiwi.	798
Mwen manjé on ponm.	Je cherche un marchand de fruits et légumes.	488	Je mangeais un kiwi.	376
An manjé on sandouch.	Excusez-nous, Stéphane veut vous demander quelque chose.	191	Je mangeais un sandwich.	866
Mwen manjé on sandouch.	Donne-moi cette boîte.	130	Je mangeais un sandwich.	534
An ka manjé pen a lè a didiko-la.	Qui est Christiane ?	860	Je mange du pain au petit-déjeuner.	988
Mwen ka manjé pen.	Je mangerai.	506	Je mange du pain.	626
An ké manjé.	Il a quatorze ans.	218	Je mangerai.	168
Mwen ké manjé.	Elle est d'ici.	160	Je mangerai.	504
An ké manjé on sitwon.	Ce n'est pas Marie ?	48	Je mangerai un citron.	974
Mwen ké manjé on sitwon.	Le gouvernement doit nous écouter.	683	Je mangerai un citron.	705
An ké manjé on ponm.	Je suis écrivain.	580	Je mangerai une pomme.	753
Mwen ké manjé on gato.	Il a huit ans.	204	Je mangerai un gâteau.	942
An ké manjé on kiwi.	Je mange un yaourt.	522	Je mangerai un kiwi.	95
Mwen ké manjé on kiwi.	Il viendra demain.	347	Je mangerai un kiwi.	366
An ka manjé on sitwon.	Viens !	949	Je mange un citron.	671
Mwen ka manjé sitwon.	Il avait une boutique, mais elle a déjà fait faillite.	233	Je mange un citron.	830
An ka manjé on sòwbé vanni.	Je ne mangerai pas.	547	Je mange une glace à la vanille.	546
An ka manjé on sòwbé.	Supposons que tu ne veuilles pas venir.	889	Je mange une glace.	28
An ka manjé on ponm.	Il a quatre-vingts ans.	220	Je mange une pomme.	521
An ka manjé on kiwi.	La maison est toujours propre.	664	Je mange un kiwi.	338
Mwen ka manjé on kiwi.	Je t'aime beaucoup !	615	Je mange un kiwi.	877
An ka manjé on sandouch.	J'ai quarante-deux ans.	440	Je mange un sandwich.	889
An ka manjé on yarout.	Je mange une pomme.	517	Je mange un yaourt.	903
Mwen ka manjé on yarout.	Je t’aime beaucoup, Tom !	619	Je mange un yaourt.	511
Tinon an mwen sé Andréa.	Il n'est pas en train de manger.	301	Je m'appelle Andrea.	308
Tinon an mwen sé Émili.	Oui, je pleure.	792	Je m'appelle Emily.	446
Tinon an mwen sé Jòj.	Un rien suffit à donner la nausée à une femme enceinte.	943	Je m'appelle Georges.	549
Tinon an mwen sé Jan.	Ma maison est plus grande que la tienne.	711	Je m'appelle John.	956
Tinon an mwen sé Lori.	Vous n'alliez pas manger.	992	Je m'appelle Laurie.	226
Tinon an mwen sé Lika.	C'est ma vache.	67	Je m'appelle Lucas.	109
Tinon an mwen sé Lwi.	Je suis de Guadeloupe.	576	Je m'appelle Luis.	36
Non an mwen sé Sali.	Tu allumes la bougie.	899	Je m'appelle Sally.	946
Tinon an mwen sé Sara.	Où sont les toilettes ?	807	Je m'appelle Sara.	998
Tinon an mwen sé Sacha.	N'approche pas de moi !	737	Je m'appelle Sasha.	290
Non an mwen sé Èstéfann é mi Kwisyann.	Je suis Tom.	605	Je m'appelle Stéphane et voici Christiane.	543
Non an mwen sé Stéfàn.	Je mangeais un sandwich.	502	Je m'appelle Stéphane.	349
Non an mwen sé Tòm é mi Mawi.	J'habite à la Désirade.	644	Je m'appelle Tom et voici Marie.	403
An ka lavé mwen.	J'ai perdu mon alliance.	436	Je me lave.	247
Mwen ka lévé gran bonnè.	J'aime le fromage de chèvre.	411	Je me lève tôt.	153
An blésé mwen.	Je cherche un marchand de poisson.	490	Je me suis blessé.	824
Mwen pa kontan navé.	Nous allumons la bougie.	752	Je n'aime pas les navets.	476
Ka manké mwen azòt pou kann an mwen.	Bonsoir !	31	Je n'ai pas assez d'engrais azoté pour mes cannes à sucre.	14
An pa ni bon souvènans a'y.	J'allume la bougie.	469	Je n'ai pas gardé un bon souvenir d'elle.	324
An pa ni bon souvènans a'y.	Il retourna les mains vides, les mains dans les poches.	308	Je n'ai pas gardé un bon souvenir de lui.	132
An pa manjé.	Je m'appelle Stéphane et voici Christiane.	533	Je n'ai pas mangé.	766
Mwen pa manjé.	Quel chien t'a mordu ?	845	Je n'ai pas mangé.	224
An pa té k'ay manjé.	Je viens.	636	Je n'allais pas manger.	381
Mwen pa ka konpwann.	Je mange une glace à la vanille.	515	Je ne comprends pas.	804
An pé ké manjé.	J'ai un frère et deux sœurs.	462	Je ne mangerai pas.	515
An pé pa fè sa démen.	Donne-le moi !	111	Je ne peux pas faire ça demain.	54
Mwen pa sa fè sa démen.	Je m'appelle Georges.	525	Je ne peux pas faire ça demain.	652
An pé pa, an ja ni mo.	Va bercer ton petit frère !	945	Je ne peux pas, j'ai déjà rendez-vous.	622
An pa sa fè sa.	J'ai trois frères.	459	Je ne sais pas le faire.	863
An pa moun isit.	Je cherche un magasin de vêtements.	487	Je ne suis pas d'ici.	674
Mwen pa moun isit.	C'est ici qu'il habite.	65	Je ne suis pas d'ici.	617
An pa'a manjé.	Tu es plus grand que lui.	912	Je ne suis pas en train de manger.	797
An pa ka mangé.	Pourquoi ?	824	Je ne suis pas en train de manger.	951
Mwen pa'a manjé.	J'aime Tom.	431	Je ne suis pas en train de manger.	857
Mwen pa ka mangé.	Quand ?	831	Je ne suis pas en train de manger.	599
An pa ka vwè.	Ce n'est pas une blague !	53	Je ne veux rien voir.	461
An pa k'ay ankò !	Passe-moi ta montre.	813	Je n'irai plus !	739
An ka sonjé'w.	Je sais où il est.	569	Je pense à toi.	292
Mwen ka sonjé'w.	Après le repas, je mange toujours un fruit.	16	Je pense à toi.	200
An ka sonjé'w toultan.	Voici Jacques.	961	Je pense à toi tout le temps.	935
An té ké manjé on chouval.	Il est aveugle de naissance.	243	Je pourrais manger un cheval.	967
Mwen té ké manjé on chival.	J'ai cinq dollars dans ma poche.	366	Je pourrais manger un cheval.	919
Mwen té ké manjé on chouval.	Pour Noël, j'achèterai des ballons pour mettre dans le sapin.	822	Je pourrais manger un cheval.	917
An pisimyé légim kri ki légim kuit.	Ne roule pas les vêtements en boule.	744	Je préfère les légumes crus aux légumes cuits.	218
An ka pran on taksi pou rantré akaz.	Baisse la musique !	26	Je prends un taxi pour rentrer.	581
An sav la i yé.	Donne-le nous !	112	Je sais où il est.	358
Mwen sav la i yé.	Elles n'avaient pas mangé.	178	Je sais où il est.	560
An ka pèd souf.	Les poissons vivent dans l'eau.	696	Je suis à bout de souffle.	658
An ay vwè'y sanmdi anho.	Je t’aime beaucoup, Tom !	617	Je suis allé le voir samedi dernier.	86
An konstipé.	Donne-moi la bouteille.	133	Je suis constipé.	217
Mwen konstipé.	Toi seul peux faire ça pour moi.	893	Je suis constipé.	348
An sé moun Dominik.	Il imagine ce qu'il fera plus tard.	283	Je suis de Dominique.	639
An sé moun Fwans.	Si nous voulons.	881	Je suis de France.	62
An sé moun Gwadloup.	D'un seul coup de bâton, il assomma compère lapin.	151	Je suis de Guadeloupe.	529
An sé moun Matinik.	Voici Vanessa.	979	Je suis de Martinique.	456
An sé moun Ayiti.	Il chasse le lapin.	238	Je suis d'Haïti.	584
An sé moun isi.	Il a quatre-vingt-un ans.	221	Je suis d'ici.	764
An sé on ékwiven.	Il a pris du poids.	212	Je suis écrivain.	509
Mwen sé on ékwiven.	Je prends un taxi pour rentrer.	567	Je suis écrivain.	466
Mwen kòlè.	Quelle chaleur !	847	Je suis en colère.	350
An ka jwé.	Il a octante ans.	210	Je suis en train de jouer.	475
An ka manjé on ponm.	Je suis d'Haïti.	578	Je suis en train de manger une pomme.	63
Mwen ka manjé on ponm.	Donne-moi ces petits livres.	128	Je suis en train de manger une pomme.	850
An ka manjé on sandouch.	Tout le monde se mit à pleurer quand on mit en bière le défunt.	896	Je suis en train de manger un sandwich.	363
Mwen ka manjé on sandouch.	Vous allumez la bougie.	983	Je suis en train de manger un sandwich.	361
An las !	Ce n'est pas Stéphane ?	51	Je suis fatigué !	718
Mwen las !	À tout à l'heure !	21	Je suis fatigué !	332
An sé moun Fwans.	Il a quarante-trois ans.	217	Je suis français.	379
An sé moun Ayiti.	Vous êtes devant ?	987	Je suis haïtien.	214
An malad.	Vous mangez.	990	Je suis malade.	65
Mwen malad.	Donne-lui les livres.	125	Je suis malade.	868
An mayé.	Nous ne mangeons pas.	763	Je suis marié.	340
Mwen mayé.	Stéphane tond le gazon.	886	Je suis marié.	236
An sé moun Matinik.	Papa, je t'aime !	809	Je suis martiniquais.	235
An mwen gwan pasé'w.	C'est à toi que je m'adresse.	62	Je suis moins grand que toi.	752
An mwen gwan pasé zòt.	Merci beaucoup !	719	Je suis moins grand que vous.	647
Mwen sé on najè.	Je ne suis pas en train de manger.	557	Je suis nageur.	992
Mwen sé on najèz.	J'ai deux frères.	376	Je suis nageuse.	271
An gwan pasé'y.	Je t'aime beaucoup !	612	Je suis plus grand que lui.	869
Mwen pli gwan pasé'y.	J'ai des enfants.	371	Je suis plus grand que lui.	320
An mwen gwan pasé yo.	Il demanda qui était Stéphane.	241	Je suis plus grand qu'eux.	111
Mwen anba chèf-la.	J'ai trente et un ans.	455	Je suis sous les ordres du chef.	829
Mwen sé Tòm.	On se voit quand ?	780	Je suis Tom.	533
Jézi vivan !	Il a quinze ans.	222	Jésus est vivant !	25
An té enmé'w.	Je t’aime beaucoup, Tom !	618	Je t'aimais.	409
Mwen té enmé'w.	Bonsoir, ça va ?	33	Je t'aimais.	177
An enmé'w.	Il lave la voiture.	286	Je t'aime.	336
An enmé'w osi.	Tu essayes de réparer la porte.	916	Je t'aime aussi.	354
Mwen enmé'w osi.	Regarde-toi !	866	Je t'aime aussi.	146
An enmé'w onlo !	Des Haïtiens ont débarqué à Marie-Galante.	101	Je t'aime beaucoup !	601
An enmé'w toubòlman !	S'il veut.	880	Je t'aime beaucoup !	890
An enmé'w toubòlman.	Peux-tu retirer mille euros ?	817	Je t'aime beaucoup.	420
Mwen enmé'w toubòlman !	Mon enfant a été reçu à son examen.	734	Je t'aime beaucoup !	519
Mwen enmé'w toubòlman.	J'aime Tatoeba.	429	Je t'aime beaucoup.	413
An enmé'w onlo, Tòm !	Je ne suis pas d'ici.	553	Je t’aime beaucoup, Tom !	571
An enmé'w toubòlman, Tòm !	J'ai dix-sept ans.	379	Je t’aime beaucoup, Tom !	607
Mwen enmé'w onlo, Tòm !	J'ai vingt ans.	464	Je t’aime beaucoup, Tom !	522
An enmé'w manman.	J'aime Cathy.	397	Je t'aime maman.	706
Mwen enmé'w manman.	Donne-moi le fromage.	138	Je t'aime maman.	702
Mwen enmé'w !	Je ne peux pas, j'ai déjà rendez-vous.	550	Je t'aime !	141
Mwen enmé'w.	Oui, je pleure.	793	Je t'aime.	925
Mwen enmé'w ! Mwen enmé'w ! Mwen enmé'w !	Le saxophone alto joue trop fort, on n'entend que toi.	691	Je t'aime !	758
An enmé'w papa.	Voici Innocent.	960	Je t'aime papa.	254
Mwen enmé'w papa.	Je mange du pain.	504	Je t'aime papa.	327
An enmé'w, Tòm.	Ils allaient manger.	311	Je t'aime, Tom.	430
Mwen té enmé'w, Tòm.	Bonsoir Mesdames et Messieurs !	38	Je t'aime, Tom.	282
An ka palé ba'w.	Ce n'est pas la peine.	46	Je te parle.	494
An ka kenbé.	Donne-moi les chaises.	143	Je tiens le coup.	173
Jenn gason, ki lidé a'w èvè fi an mwen ?	Donne-lui celui de maman !	119	Jeune homme, quelles sont tes intentions au sujet de ma fille ?	97
Mwen k'ay laga pwan twen-la.	Vous avez de la chance.	984	Je vais à la gare pour prendre le train.	795
An k'ay manjé on sitwon.	Mieux vaut que tu partes.	727	Je vais manger un citron.	90
Mwen k'ay manjé on sitwon.	Je cherche une boucherie.	475	Je vais manger un citron.	756
Mwen ké dwésé'w.	C'est comme ça.	64	Je vais te faire marcher droit.	697
An ka vin.	Il a soixante ans.	226	Je viens.	545
An sòti trapé on lidé.	Nous les avons vus hier.	758	Je viens d'avoir une idée.	944
Mwen sòti trapé on lidé.	Ils s'embrassaient.	335	Je viens d'avoir une idée.	811
An sòti manjé on falafèl.	Je suis de Dominique.	574	Je viens de manger un falafel.	59
Mwen sòti manjé on falafèl.	Nous fermons à 19 heures.	756	Je viens de manger un falafel.	941
An ké pòté on ti pwason ba zòt.	Avez-vous une table pour cinq ?	25	Je vous apporterai un peu de poisson.	801
An ka rété Bayif.	Je cherche une station-service.	482	J'habite à Baillif.	690
An ka rété Goubè.	Quelle chemise as-tu achetée ?	848	J'habite à Gourbeyre.	692
An ka rété Dézirad.	Donne-le-moi.	110	J'habite à la Désirade.	535
An ka rété Lapwent.	J'ai douze ans.	380	J'habite à Pointe-à-Pitre.	926
An ka rété Senklòd.	Merci !	721	J'habite à Saint-Claude.	792
An ka rété Senfwanswa.	Je suis moins grand que vous.	598	J'habite à Saint-François.	44
An ka rété Twarivyè.	Il est tombé nez à nez avec lui.	268	J'habite à Trois-Rivières.	783
An ka rété Zabim.	J'ai dix-huit ans.	377	J'habite aux Abymes.	156
An ka rété Lésent.	Voici Julien.	965	J'habite aux Saintes.	990
An ka rété Zabitan.	Donne-moi ce petit cahier.	126	J'habite à Vieux-Habitants.	699
An ka rété Bastè.	Je ne peux pas faire ça demain.	549	J'habite en Basse-Terre.	227
An ka rété Granntè.	Il était dans un tel pétrin !	270	J'habite en Grande-Terre.	748
Mwen adan ladoutans.	Tu es trop bête !	918	J'hésite.	732
404 ni baladè o volan.	J’aime chanter.	404	La 404 a le levier de vitesse au volant.	295
Ba andsou !	Le gendarme l'a fait souffler dans l'alcootest.	681	La barre sous le vent !	424
Bousòl-la ka di ou nò-la yé.	Voici Christiane.	953	La boussole indique le nord.	22
Kawousi a vwati la wouyé onlo.	Je suis à bout de souffle.	570	La carrosserie de la voiture est toute rouillée.	337
Klé-la anho a bifé-la.	J'aime courir.	406	La clé est sur le dessus du buffet.	256
Klé-la anho a bifé-la.	Il a un cancer depuis deux ans, mais il resiste bien.	231	La clef est sur le dessus du buffet.	262
Fanm kréyòl an mouvman : isidan, toupatou, toulè, yè, jòdi é dèmen.	Donne-moi le sel.	144	La femme créole en action : ici, ailleurs et en tout temps.	689
Loraj-la tonbé asi on pyébwa.	Chantez pour un âne, il vous donnera des crottes.	77	La foudre est tombée sur un arbre.	275
Ban mwen fè on kawé bisiklèt !	Je cherche une pharmacie.	479	Laisse-moi faire un tour de vélo !	909
Kaz-la toujou penpan.	Donne-leur le téléphone.	117	La maison est toujours propre.	518
Anj-la vin di Mari bonjou.	Pas la peine de venir.	812	L'ange vint saluer Marie.	808
Pwensès-la ka baké abò bèlchawèt a'y.	Le filleuil de ton père te passe le bonjour.	680	La princesse est montée dans son carrosse.	207
Kilès zòt pisimé ?	Je cuisine à l'huile d'olive.	493	Laquelle préférez-vous ?	997
Wòb la pa pwòp.	Il est sept heures.	263	La robe n'est pas propre.	189
Latè sé pa on zétwal.	Elle n'a pas mangé.	168	La Terre n'est pas une étoile.	478
Lavé biwo-la !	Tu ne manges pas.	931	Lave le bureau !	818
Avyon-la tonbé.	Je mange un citron.	513	L'avion s'est écrasé.	382
Loto-la pri adan on ma-labou.	Nous sommes en train de manger.	766	La voiture s'est enlisée dans un bourbier.	130
Dlo-la fon.	J'ai deux frères.	374	L'eau est profonde.	953
Bak-la plen, pa ni plas pou sé tomat lasa.	Je ne suis pas d'ici.	552	Le bac du réfrigérateur est plein, il n'y a pas de place pour ces tomates.	713
Bato-la koulé adan on batzyé.	Donne-moi la salade.	135	Le bateau a coulé en un clin d'œil.	867
Bè-la fonn an bwèt-la.	Il a huit ans.	205	Le beurre a fondu dans la boîte.	412
Syèl-la ké chajé.	Nous mangerons.	760	Le ciel sera chargé.	451
Syèl-la ké chajé.	Tu as agi selon ta conscience.	900	Le ciel sera nuageux.	972
Kawo-la two cho, ou ké bwilé lenj-la.	Ils ont un gros nez.	334	Le fer est trop chaud, tu vas brûler le linge.	837
Fiyèl a papa'w ka voyé bonjou ba'w.	Tu ne mangeras pas.	930	Le filleuil de ton père te passe le bonjour.	666
Jandam-la fè'y souflé an balon.	Oui.	787	Le gendarme l'a fait souffler dans l'alcootest.	656
Jandam-la fè mwen souflé adan alkotès.	Tu pars ?	934	Le gendarme m'a fait souffler dans l'alcootest.	744
Fò gouvèlman kouté nou.	J'ai deux ans.	373	Le gouvernement doit nous écouter.	508
Ti gason-la pa pwan bak.	Rien à faire !	868	Le jeune garçon a raté son bac.	12
Liv la blan.	Bonsoir, ça va ?	34	Le livre est blanc.	495
Vant-la roupran mwen ankò.	J'ai treize ans.	451	Le mal de ventre m'a repris.	981
Anbalaj-la pa té bon, ni dé vè ki kasé.	Il s'envoya un petit rhum derrière la cravate.	316	L'emballage était défectueux, il y a deux verres de cassés.	386
Bab a misyé la blan.	Ça va !	40	Le monsieur a la barbe blanche.	305
Nèf la anba lapo la.	La femme créole en action : ici, ailleurs et en tout temps.	661	Le nerf est sous la peau.	118
Kilès pwan'y ?	J'habite à Baillif.	642	Lequel l'as pris ?	805
Alto-la ka kriyé twòp, yo ja tann anki i.	Débâte l'âne !	99	Le saxophone alto joue trop fort, on n'entend que toi.	624
Sé kòyòt-la ka hélé lannywit.	J'habite à Gourbeyre.	643	Les coyotes hurlent la nuit.	190
Gounouy ka manjé tibèt.	Donne-moi le pain.	140	Les grenouilles mangent des insectes.	740
Karib té ni ak.	Restons-y.	867	Les indiens Caraïbes avaient des arcs.	695
Lapen ni zòrèy long.	Les indiens Caraïbes avaient des arcs.	694	Les lapins ont de longues oreilles.	2
Pwason ka viv an dlo.	Mieux vaut qu'il parte.	729	Les poissons vivent dans l'eau.	570
Pwèmyé moun ki ka wèsté Mawi-Galant, sé té Awawak.	Je vais te faire marcher droit.	635	Les premiers habitants de Marie-Galante furent des Arawak.	193
Mi yo !	Fais un bisou !	194	Les voici !	763
Mi yo.	J'habite à Vieux-Habitants.	651	Les voici.	755
Tou-la fon.	Il a sept ans.	224	Le trou est profond.	791
Lévé pyé a'w, ni timoun ka jwé-la !	J'ai besoin de te voir.	360	Levez le pied, il y a des enfants qui jouent ici !	81
Mi'y.	Je t'aime maman.	621	Le voici.	708
Vòlkan-la ka pété.	Il a vingt-deux ans.	235	Le volcan entre en éruption.	329
An nou lévé.	Il m'a violé.	293	Levons-nous.	444
Zouk-la sé sèl médikaman nou ni.	Je mangerai un citron.	508	Le zouk est le seul remède que nous ayons.	75
An nou li.	Je t'aime maman.	620	Lisons.	730
Lwi-la sé sans-la ka pèwmèt on moun tann.	Ce n'est pas mon frère.	50	L'ouïe est le sens qui permet d'entendre.	76
Lous-la ka vansé si nou.	Le voici.	702	L'ours avance vers nous.	147
Zouti-la pèrmèt nou travay.	Oui, deux.	788	L'outil nous permet de travailler.	810
Madagaska sé on lilèt.	Allons chez lui !	8	Madagascar est une île.	975
Kaz an mwen pli gwan ki ta'w.	Il habite à Outsiplou.	281	Ma maison est plus grande que la tienne.	526
Kaz an mwen pli gwan pasé ta'w.	J'aime courir.	405	Ma maison est plus grande que la tienne.	374
Manman mwen ka fè machann anba laplas.	Le bac du réfrigérateur est plein, il n'y a pas de place pour ces tomates.	674	Ma mère est vendeuse au marché.	157
Maché.	Au revoir !	22	Marche.	852
Maché.	Ma voiture est en panne.	717	Marchez.	930
Alimaj a loto an mwen pa'a maché.	Ma voiture a une panne d'allumage.	716	Ma voiture a une panne d'allumage.	716
Loto an mwen pran pann.	Il n'est rien pour toi.	302	Ma voiture est en panne.	715
Mèsi onpil, sé tout.	Je suis fatigué !	588	Merci beaucoup, ce sera tout.	5
Mèsi onpil !	On dirait qu'elle est malade.	771	Merci beaucoup !	598
Mèsi pou envitasyon a'w.	Quelles sont tes intentions au sujet de ma fille ?	850	Merci de m'avoir invité.	782
Mèsi !	Que deviens-tu Stéphane ?	839	Merci !	646
Bèt an mwen pa ni dlo.	Il enfle.	242	Mes animaux n'ont rien à manger.	902
Mèt dé kawòt an vyann-la !	Donne-le lui !	109	Mets deux carottes avec la viande !	1
Mi bab pou mwen mi !	Tu allais manger.	898	Me voilà bien embêté !	406
Mi mwen !	J'aime boire.	393	Me voilà !	150
Pisimé mwen pati.	Il a douze ans.	203	Mieux vaut que je parte.	922
Pisimé ou pati.	Il reviendra.	309	Mieux vaut que tu partes.	633
Pisimé zò pati.	Pourquoi es-tu excité comme ça ?	823	Mieux vaut que vous partiez.	395
Pisimé i pati.	Il est moins grand que moi.	256	Mieux vaut qu'il parte.	696
Pisimé yo pati.	Lisons.	706	Mieux vaut qu'ils partent.	249
Pisimé nou pati.	J'ai neuf ans.	434	Mieux vaut qu'on parte.	384
Mwen osi !	J'hésite.	654	Moi aussi !	425
Mwen osi.	Oui !	799	Moi aussi.	905
Timoun an mwen pasé lègzanmen a'y.	Rosse-le !	869	Mon enfant a été reçu à son examen.	615
Papa an mwen fè on balansin adan pyé mango la.	Tu es plus grand que lui.	913	Mon père a installé une balançoire dans le manguier.	800
Papa mwen sé on chasè.	Une jeune fille s'est noyée en mer.	940	Mon père est chasseur.	84
Pa vin si mwen !	Cette réponse est fausse.	75	N'approche pas de moi !	532
Pa fè sa !	Elle est enceinte de huit mois.	161	Ne fais pas ça !	276
Pa obiyé mwen ! An enmé'w !	Je n'irai plus !	559	Ne m'oublie pas ! Je t'aime !	821
Pa obliyé mwen ! An enmé'w !	Les grenouilles mangent des insectes.	693	Ne m'oublie pas ! Je t'aime !	269
Pa pléré.	Oui, je pleure.	790	Ne pleure pas.	326
Pa pléré ankò !	Je cherche une boulangerie.	476	Ne pleure plus !	30
Pa dwété mwen !	Allons chez toi !	9	Ne pointe pas ton doigt vers moi !	872
Las plontonné lenj la.	Le gendarme m'a fait souffler dans l'alcootest.	682	Ne roule pas les vêtements en boule.	566
Las plontonné lenj a'w.	Il est plus grand que vous.	261	Ne roule pas tes vêtements en boule.	297
Pa touché'y !	Je bois avec une paille.	470	Ne touche pas à ça !	77
Awa, pa fè sa !	Il est onze heures.	260	Non, ne fais pas ça !	31
Non, pa fè sa !	J'habite en Grande-Terre.	653	Non, ne fais pas ça !	72
Non !	Tu es moins grand que nous.	911	Non !	497
Pa oubliyé mèt ba-la dèyè pòt-la !	Il a vingt-trois ans.	237	N'oublie pas de fermer la porte avec la barre !	279
Nou té k'ay manjé.	Donne-moi le verre.	146	Nous allions manger.	258
Nou ka limé bouji-la.	Je suis moins grand que toi.	597	Nous allumons la bougie.	539
Nou manjé.	Je mangerai une pomme.	509	Nous avons mangé.	375
Nou pran on bon ben an lanmè.	Il est d'ici.	246	Nous avons pris un bon bain de mer.	455
Nou ka chèché travay.	Les voici.	699	Nous cherchons du travail.	52
Nou ka fèmé a sétè-d-swè.	Je vais manger un citron.	634	Nous fermons à 19 heures.	640
Sé èspwé nou fè sa !	J'aime apprendre.	391	Nous l'avons fait exprès !	20
Nou vwè yo yè.	Je t'aime !	624	Nous les avons vus hier.	637
Nou ka manjé.	Combien coûte ce pantalon ?	80	Nous mangeons.	398
Nou ké manjé.	Elles ne mangent pas.	179	Nous mangerons.	677
Nou pa manjé.	Elles l'ont fait exprès !	174	Nous n'avons pas mangé.	399
Nou pa dwèt fè poltiik.	Est-ce qu'on peut dire que ces deux équipes sont à égalité ?	184	Nous ne devrions pas faire de politique.	843
Nou pa ka manjé.	Les voici !	698	Nous ne mangeons pas.	594
Nou pa ka manjé.	Je suis d'ici.	579	Nous ne sommes pas en train de manger.	888
Nou ka pléré.	Voici Stéphane.	976	Nous pleurons.	233
Nou ka manjé.	Je n'ai pas mangé.	543	Nous sommes en train de manger.	672
Nou mwen gwan ki yo.	Il est fou de cette femme.	250	Nous sommes moins grands qu'eux.	204
Nou mwen gwan ki zò.	Donnez-leur le pied, ils prennent la main.	149	Nous sommes moins grands que vous.	186
Nou sé zanmi a'w.	J'ai quarante-deux ans.	441	Nous sommes tes amis.	325
Nou fè'w viv èvè lokans a dwèt an nou, an kadans a doulè an nou, a lenbé an nou.	J'ai faim !	383	Nous t'avons fait vivre avec l'éloquence de nos doigts, au rythme de nos douleurs, de nos chagrins.	140
Asipawé i malad.	J'ai cinquante ans.	367	On dirait qu'elle est malade.	719
Asipawé ou malad.	Il n'est pas brillant.	300	On dirait que tu es malade.	481
Asipawé zò malad.	C'est ainsi qu'elle est.	57	On dirait que vous êtes malades.	154
Yo di ni on balenn ki échwé Kapèstè.	Ils n'ont mangé que des patates douces.	332	On dit qu'il y a une baleine échouée à Capesterre.	943
Nou ka jwé boul andèwò.	Ce n'est pas ma mère.	47	On joue au ballon à l'extérieur.	491
Yo volé papyé an mwen èvè pòtmonné-la.	Tu n'as pas mangé.	927	On m'a volé mes papiers et mon porte-monnaie.	260
Yo volé papyé an mwen.	Il prit ses jambes à son cou.	306	On m'a volé mes papiers.	799
Nou pa pè.	Voici Rose.	975	On n'a pas peur.	968
A pa souvaman yo ka jwenn vou.	Elles allument la bougie.	170	On ne te rencontre pas souvent.	300
Kitan nou ka vwè ?	J'ai trente-deux ans.	454	On se voit quand ?	605
Ki koté i dwèt ay ?	Pouvez-vous répéter cela ?	825	Où doit-elle aller ?	858
Ola i dwèt alé ?	Merci de m'avoir invité.	720	Où doit-elle aller ?	237
Ola ou fèt ?	J'habite à Trois-Rivières.	648	Où es-tu né ?	306
Ki koté ou té pasé ?	Un, deux, trois, quatre, cinq, six, sept, huit, neuf, dix.	939	Où étais-tu passé ?	55
Wè, annou a'y.	Debout !	100	Oui, allons-y.	178
Wi, annou a'y.	J'ai quinze ans.	444	Oui, allons-y.	469
Anhan.	Dans le futur, je serai aviateur !	92	Oui.	681
Anhan, dé.	Supposons qu'elle ne veuille pas venir.	888	Oui, deux.	709
Wè, dé.	Il a un gros nez.	232	Oui, deux.	400
Wè, an ka pléré.	Tu nous à tous vus naître et grandir.	933	Oui, je pleure.	741
Wè, mwen ka pléré.	Le trou est profond.	700	Oui, je pleure.	959
Wi, an ka pléré.	J'habite à Saint-Claude.	646	Oui, je pleure.	524
Wi, mwen ka pléré.	Il court.	240	Oui, je pleure.	623
Anhan. Mèsi.	C'est une très bonne danseuse.	70	Oui. Merci.	847
Wè. Mèsi.	Je vais à la gare pour prendre le train.	632	Oui. Merci.	291
Anhan, poukisa ?	Bonsoir Madame !	36	Oui, pourquoi ?	334
Wè, poukisa ?	Je ne suis pas en train de manger.	554	Oui, pourquoi ?	17
Wè !	Je mangeais un kiwi.	499	Oui !	283
Wi !	On m'a volé mes papiers.	777	Oui !	733
Wi.	Mon père a installé une balançoire dans le manguier.	735	Oui.	814
Ola sant komèwsyal la yé ?	Je vous apporterai un peu de poisson.	641	Où se trouve le centre commercial ?	385
O sant komèwsyal la yé ?	Ils mangeront.	324	Où se trouve le centre commercial ?	408
Ola wéyon a timoun yé ?	J'aime apprendre.	389	Où se trouve le rayon enfant ?	182
Ola wéyon a madanm yé ?	Je ne comprends pas.	546	Où se trouve le rayon pour femmes ?	267
Ki koté nou yé ?	Lequel l'as pris ?	690	Où sommes-nous ?	73
Ola sé twalèt-la yé ?	Ils s'embrassaient.	336	Où sont les toilettes ?	878
O sé twalèt-la yé ?	Combien d'enfants a-t-il ?	82	Où sont les toilettes ?	531
Ola sé twalèt-la yé souplè ?	L'ange vint saluer Marie.	665	Où sont les toilettes, s'il vous plait ?	882
Papa, an enmé'w !	J'aime danser.	407	Papa, je t'aime !	596
Papa, mwen enmé'w !	L'outil nous permet de travailler.	709	Papa, je t'aime !	490
Èskizé mwen, ki lè i yé ?	Je viens d'avoir une idée.	638	Pardon, quelle heure est-il ?	836
Palapenn vini.	Il viendra demain.	346	Pas la peine de venir.	665
Ban mwen mont a'w.	Il fait boire les bœufs.	271	Passe-moi ta montre.	559
Ès ou pé di dé ékip-lasa alabalans ?	Oui.	800	Peut-on dire que ces deux équipes sont à égalité ?	210
Ès ou pé woté san éwo ?	Je cherche une station d'essence.	480	Peux-tu retirer cent euros ?	479
Ès ou pé woté senkant éwo ?	Cette robe me plaît énormément.	76	Peux-tu retirer cinquante euros ?	35
Ès ou pé woté mil éwo ?	Elle cherche du travail.	158	Peux-tu retirer mille euros ?	614
Ès ou pé woté kawant éwo ?	Lave le bureau !	670	Peux-tu retirer quarante euros ?	924
Ès ou pé woté katwèven éwo ?	J'aime marcher.	419	Peux-tu retirer quatre-vingts euros ?	437
Ès ou pé woté swasant éwo ?	Donne-moi une part de gâteau.	147	Peux-tu retirer soixante euros ?	465
Ès ou pé woté twant éwo ?	Ne m'oublie pas ! Je t'aime !	739	Peux-tu retirer trente euros ?	404
Pou Nwèl, mwen ké achté balon pou mèt an sapen-la.	Applaudissez !	15	Pour Noël, j'achèterai des ballons pour mettre dans le sapin.	565
Ka ou annimé konsa ?	Tout le monde sait que vous mentez.	895	Pourquoi es-tu excité comme ça ?	728
Poukisa ?	Je me suis blessé.	538	Pourquoi ?	555
Ès ou pé woudi sa ban mwen ?	Quand il a vu venir le chien, il s'est enfui à toutes jambes.	827	Pouvez-vous répéter cela ?	781
Lé ni on mèt nèf, zélèv toujou ka éséyé'y.	J'ai soixante et un ans.	450	Quand arrive un nouveau maître, les élèves le mettent toujours à rude épreuve.	440
Lè i vwè chyen-la vin, i chyé bal.	Dix, onze, douze, treize, quatorze, quinze, seize, dix-sept, dix-huit, dix-neuf, vingt.	102	Quand il a vu venir le chien, il s'est enfui à toutes jambes.	825
Lè i vwè balan kòwòsòl ki té an pyé-la, i koumansé chanté.	Ils sont d'ici.	339	Quand il vit la quantité de fruits sur le corossolier, il se mit à chanter.	99
Lè an vwè chyen-la, an chyé kouwi.	Je suis sous les ordres du chef.	604	Quand j'ai vu le chien, j'ai pris mes jambes à mon cou.	234
Lè an té sòlda, an té adjidan.	Je mange un citron.	514	Quand j'étais militaire, j'étais adjudant.	840
Kitan ?	Donne-moi cet abat-jour.	129	Quand ?	557
Kitan i ké vini ?	Voici Kévin.	966	Quand viendra-t-elle ?	265
Kitan yo ké vini ?	Voici Roger.	974	Quand viendront-elles ?	989
Kijan ou ka vini ?	Elle a deux grosses bajoues.	155	Quand viens-tu ?	270
Fout sa bèl !	Vous pouvez le croire.	997	Que c'est beau !	0
Ki nouvèl a'w Kwisyann ?	Pardon, quelle heure est-il ?	811	Que deviens-tu Christiane ?	221
Kijan a'w ?	Le fer est trop chaud, tu vas brûler le linge.	679	Que deviens-tu ?	184
Ki nouvèl a'w Mawi ?	J'aime calculer.	395	Que deviens-tu Marie ?	343
Ki nouvèl a'w Èstéfann ?	J'aime apprendre.	390	Que deviens-tu Stéphane ?	721
Ki nouvèl a'w Tòm ?	Quand j'étais militaire, j'étais adjudant.	830	Que deviens-tu Tom ?	875
Ka nou dwèt fè ?	Tu as mangé.	902	Que devons-nous faire ?	496
Ka Jéova ké fè ?	Je cherche un glacier.	484	Que fera Jéhovah ?	341
Ka sé asistan ministéryèl la ka fè ban nou ?	Nous ne devrions pas faire de politique.	762	Que font les assistants ministériels pour nous ?	113
Mi bèl lakansyèl !	Ils marchent très très vite.	325	Quel bel arc-en-ciel !	955
Ki chyen ki mòdé'w ?	Ce moteur fait dix ampères.	44	Quel chien t'a mordu ?	544
Ki gwad a'w ?	J'aime marcher.	420	Quel est ton grade ?	303
Mi chalè !	Oui. Merci.	794	Quelle chaleur !	582
Ki chimiz ou achté ?	Il cherche du travail.	239	Quelle chemise as-tu achetée ?	643
Ki lè i yé ?	Thomas a eu un accident de voiture.	892	Quelle heure est-il ?	438
Ki lidé a'w èvè fi an mwen ?	Je suis en train de manger une pomme.	585	Quelles sont tes intentions au sujet de ma fille ?	720
Ki tan ka fè ?	Il est cinq heures du matin.	244	Quel temps fait-il ?	251
Ka sa yé ?	Marche.	714	Que se passe-t-il ?	908
Ka sa vlé di ?	Fais ça pour maman !	193	Qu'est-ce que ça veut dire ?	110
Kibiten ésa ?	Ils n'avaient pas mangé.	329	Qu'est-ce que c'est ?	899
Ki bakannal ésa !	J'ai vingt et un ans.	466	Qu'est-ce que c'est que ce tapage !	390
Sé pa ti kouwi mwen kouwi !	J'ai mangé.	386	Qu'est-ce que j'ai couru !	387
Ka an ka sèvi'w ?	Je ne suis pas en train de manger.	556	Qu'est-ce que je te sers ?	870
A pa ti las nou té las yè !	Où doit-elle aller ?	781	Qu'est-ce qu'on était fatigués hier !	104
Ki biten ou vlé mandé mwen Èstéfann ?	Tu es sourd ?	917	Que veux-tu me demander, Stéphane ?	407
Ki moun i Kwistann ?	Ils sont en train de manger.	340	Qui est Christiane ?	503
Kimoun ?	Il y a huit chevaux.	353	Qui ?	913
Fout i lèd !	Je l'ai fait exprès !	495	Qu'il est laid !	273
Fout i lèd !	Je ne sais pas le faire.	551	Qu'il est moche !	266
Ka ki yo ?	J'ai trois euros dans ma poche.	457	Qui sont-ils ?	389
Lévé pyé a'w, ni timoun ka jwé-la !	Eh, madame ! Vous n'avez pas un petit calendrier pour moi ?	152	Ralentissez, il y a des enfants qui jouent ici !	176
Gadé'w !	Je mangeais un sandwich.	501	Regarde-toi !	611
An nou wété la.	Le bateau a coulé en un clin d'œil.	675	Restons-y.	694
Ayenn a fè !	Je suis malade.	593	Rien à faire !	684
Ba i !	Je suis plus grand que lui.	601	Rosse-le !	734
Madanm a i ka vann karòt anba marché.	Qu'est-ce que je te sers ?	857	Sa femme vend des carottes sous le marché couvert.	205
Bonjou, non an mwen sé Tòm !	Il n'y a rien à manger dans le pays.	305	Salut, je m'appelle Tom !	392
Loto a'y té nèf lè i kwazé'y.	Ne pointe pas ton doigt vers moi !	743	Sa voiture était neuve lorsqu'il l'a bousillé.	330
Ès nou ké wivwè on jou ?	Il mangera.	289	Se reverra-t-on ?	414
Ayenki lanmò ki pa ni wimèd.	Accompagne-les.	2	Seule la mort est irrémédiable.	881
Si yo vlé.	Que deviens-tu Tom ?	840	Si elles veulent.	32
Si i vlé.	Tu porteras des citrons au magasin.	936	Si elle veut.	88
Si an vlé.	Je mange un kiwi.	519	Si je veux.	285
Si a pa té pou di.	Où sont les toilettes ?	806	S'il ne tenait qu'à moi.	979
Si yo vlé.	Il vole en cachette.	348	S'ils veulent.	321
Si i vlé.	J'aime pêcher.	424	S'il veut.	613
Si nou vlé.	Seule la mort est irrémédiable.	874	Si nous voulons.	575
Si ou two baladè, ou pé'é manjé'w !	Où sont les toilettes, s'il vous plait ?	808	Si tu passes trop de temps à te balader, tu n'auras rien à manger !	128
Si ou vlé.	Voici Gladys.	959	Si tu veux.	80
Si zòt vlé.	Il habite sur la colline.	282	Si vous voulez.	886
Yo sé moun isit ?	C'est une très bonne nageuse.	71	Sont-ils d'ici ?	957
Stéfàn ka tayé gazon-la.	Si vous voulez.	884	Stéphane tond le gazon.	595
Èstéfann vlé mandé'w on biten.	Donne-moi le livre.	139	Stéphane veut vous demander quelque chose.	423
Asipozé i pa vlé vini.	Nous ne sommes pas en train de manger.	764	Supposons qu'elle ne veuille pas venir.	788
Asipozé ou pa vlé vini.	Je mange un sandwich.	520	Supposons que tu ne veuilles pas venir.	516
Asipozé i pa vlé vini.	Je t'aime beaucoup !	613	Supposons qu'il ne veuille pas venir.	952
Asipozé yo pa vlé vini.	Goûte pour voir si c'est assez salé !	195	Supposons qu'ils ne veuillent pas venir.	114
Tòm fè on aksidan loto.	J'aime apprendre.	392	Thomas a eu un accident de voiture.	849
Anki vou pé fè sa ban mwen.	Donne-moi une part de gâteau, s'il te plaît.	148	Toi seul peux faire ça pour moi.	573
Tòm toujou ka pléré.	Tu l'as fait exprès !	919	Tom pleure tout le temps.	365
Tout moun ka sav ou ka manti.	J'ai vingt-trois ans.	467	Tout le monde sait que vous mentez.	823
Tout moun koumansé pléré lè yo ankofré mò-la.	Il est en train de parler.	249	Tout le monde se mit à pleurer quand on mit en bière le défunt.	586
Ou enmé dansé.	Je cherche un fleuriste.	483	Tu aimes danser.	449
Ou té k'ay manjé.	Je joue.	494	Tu allais manger.	724
Ou ka limé bouji-la.	Qu'est-ce que c'est ?	854	Tu allumes la bougie.	530
Ou fè sa lidé a'w di'w fè.	J'aime pêcher.	425	Tu as agi selon ta conscience.	678
Ou ja kafé ?	Il fera nuageux.	279	Tu as déjà pris ton café ?	931
Ou manjé.	Mes animaux n'ont rien à manger.	722	Tu as mangé.	841
Ou ka chèché travay.	Je mange un yaourt.	521	Tu cherches du travail.	369
Kijan a'w ?	Il ne comprend rien.	298	Tu deviens quoi ?	257
Ou dwèt manjé sa.	Moi aussi.	733	Tu dois manger ça.	356
Ou pa'a vwè klè ?	Un jour, pendant que leur mère était absente, ils s'en allèrent dans les bois.	942	Tu es aveugle ?	166
Ou sé moun isi.	Elle a un gros nez.	157	Tu es d'ici.	360
Ou ka fini anlè ou menm !	Que se passe-t-il ?	852	Tu es en train de maigrir !	6
Ou ka manjé.	Laisse-moi faire un tour de vélo !	663	Tu es en train de manger.	439
Ou mwen gwan pasé mwen.	Donne-lui celui de papa !	120	Tu es moins grand que moi.	289
Ou mwen gwan pasé nou.	Je cherche du travail.	472	Tu es moins grand que nous.	749
Ou mwen gwan pasé'y.	Donne-leur les livres.	116	Tu es plus grand que lui.	554
Ou pli gwan pasé'y.	Qui ?	861	Tu es plus grand que lui.	735
Ou pli gwan pasé nou.	Il a trente-trois ans.	230	Tu es plus grand que nous.	231
Ou pli gwan pasé yo.	Dans le futur, je serai chanteuse !	95	Tu es plus grand qu'eux.	213
Ou ka éséyé ranjé pòt-la.	J'aime manger.	417	Tu essayes de réparer la porte.	610
Ou pa'a tann ?	Je pourrais manger un cheval.	565	Tu es sourd ?	859
Ou tèbè tèbè a'w !	Aoi danse.	14	Tu es trop bête !	654
Sé èspwé ou fè sa !	Je pourrais manger un cheval.	564	Tu l'as fait exprès !	894
Ou ké li on lèt.	Ils étaient fatigués.	318	Tu liras une lettre.	436
Ou ké manjé.	Elle est fâchée car tu es partie.	162	Tu mangeras.	19
Ou ka manjé.	Mieux vaut que je parte.	726	Tu manges.	333
Ou ka manjé on sòwbé.	Il est devenu adventiste.	245	Tu manges une glace.	196
Ou ka manké mwen.	Peux-tu retirer quarante euros ?	818	Tu me manques.	98
An ka kwè mwen agou a-y.	Je t'aime.	623	Tu me plais.	272
Ou pa té k'ay manjé.	J'habite à Pointe-à-Pitre.	645	Tu n'allais pas manger.	58
Ou pa manjé.	Bonjour ! Je m'appelle Tom.	29	Tu n'as pas mangé.	776
Ou pa ni rézon.	Donne-lui le livre.	124	Tu n'as pas raison.	310
Ou pa té dwèt fè mwen sa.	Je lave la chemise.	496	Tu n'aurais pas dû me faire ça.	78
Ou pé ké manjé.	Marchez.	715	Tu ne mangeras pas.	680
Ou pa ka manjé.	Tu as déjà pris ton café ?	901	Tu ne manges pas.	670
Ou pa ka manjé.	J'ai senti une goutte de pluie, je vais m'abriter.	448	Tu n'es pas en train de manger.	259
Ou vwè noutout fèt é grandi.	Il n'allait pas manger.	294	Tu nous à tous vus naître et grandir.	790
Ou ka pati ?	Donne-moi la cuiller.	134	Tu pars ?	682
Ou pé sizé.	Je pense à toi tout le temps.	562	Tu peux t'asseoir.	312
Ou ké pòté sitwon pou boutik la.	Il faut que j'aille en ville.	273	Tu porteras des citrons au magasin.	876
Ou fè érè.	Il a mangé.	208	Tu t'es trompé.	144
Ou vlé vin ?	Ce n'est pas Tom ?	52	Tu veux venir ?	995
Yonn, dé, twa, kat, senk, sis, sèt, ywit, nèf, dis.	Voici Mamadou.	968	Un, deux, trois, quatre, cinq, six, sept, huit, neuf, dix.	784
On jenn tifi néyé an lanmè la.	Vous n'êtes pas en train de manger.	996	Une jeune fille s'est noyée en mer.	736
On jenn gason néyé an lanmè la.	Je viens de manger un falafel.	640	Un jeune garçon s'est noyé en mer.	106
On jou, pannan manman yo pa té la, yo ay an bwa.	Je mangerai un gâteau.	510	Un jour, pendant que leur mère était absente, ils s'en allèrent dans les bois.	906
On ayen ka boulvèsé on fanm ansent.	On dit qu'il y a une baleine échouée à Capesterre.	774	Un rien suffit à donner la nausée à une femme enceinte.	525
Alé bèsé ti sè a'w !	Je viens d'avoir une idée.	637	Va bercer ta petite sœur !	293
Alé bèsé ti frè a'w !	J'ai déjà essayé la robe.	370	Va bercer ton petit frère !	550
Vini !	Je m'appelle Sally.	530	Venez !	433
Vin ba papa on ti ba !	Fais attention à moi.	192	Viens faire un bisou à papa !	402
Vin !	Ces livres sont basés sur la Bible.	55	Viens !	452
Vini !	J'aime parler.	423	Viens !	513
Mi Alis.	Je cherche les hommes.	473	Voici Alice.	371
Mi Ana.	Je ne suis pas en train de manger.	555	Voici Anna.	4
Mi Sésil.	Supposons qu'il ne veuille pas venir.	890	Voici Cécile.	428
Mi Kwisyann.	L'eau est profonde.	673	Voici Christiane.	657
Mi Kwistòf.	Accompagne-le.	1	Voici Christophe.	47
Mi Dèlfin.	Quel bel arc-en-ciel !	844	Voici Delphine.	137
Mi Flavyen.	Je m'appelle John.	526	Voici Flavien.	71
Mi Gaston.	Sont-ils d'ici ?	885	Voici Gaston.	10
Mi Jòj.	J'aime les oiseaux.	413	Voici Georges.	442
Mi Gladis.	Oui, je pleure.	791	Voici Gladys.	883
Mi Inosan.	Donne-lui ce livre.	118	Voici Innocent.	625
Mi Jak.	Ils ne sont pas en train de manger.	331	Voici Jacques.	562
Mi Jan.	Il est neuf heures.	258	Voici Jean.	243
Mi Jéwémi.	Ils mangent.	322	Voici Jérémie.	45
Mi Jòslen.	Crie !	90	Voici Jocelyn.	281
Mi Jilyen.	J'ai vingt-deux ans.	465	Voici Julien.	650
Mi Kévin.	Bonsoir Mesdames et Messieurs !	37	Voici Kévin.	832
Mi Lidivin.	Je pourrais manger un cheval.	563	Voici Ludivine.	971
Mi Mamadou.	On n'a pas peur.	778	Voici Mamadou.	939
Mi Mawi.	Vous mangerez.	989	Voici Marie.	241
Mi Òktav.	J'aime dormir.	410	Voici Octave.	212
Mi Oféli.	Voici Ludivine.	967	Voici Ophélie.	3
Mi Pyè.	Le ciel sera nuageux.	678	Voici Pierre.	493
Mi Kanten.	Il n'a pas intérêt à revenir.	295	Voici Quentin.	460
Mi Wojé.	Je mangerai un citron.	507	Voici Roger.	833
Mi Wòz.	Madagascar est une île.	710	Voici Rose.	778
Mi Èstéfann.	J'aime nager.	421	Voici Stéphane.	765
Mi Toma.	Ils s'embrassaient.	337	Voici Thomas.	159
Mi Valantin.	Elle est moins grande que moi.	164	Voici Valentine.	171
Mi Vanésa.	S'il ne tenait qu'à moi.	878	Voici Vanessa.	577
Mi Gzavyé.	Donne la pomme à Stéphane.	107	Voici Xavier.	89
Volé !	Le mal de ventre m'a repris.	686	Vole !	418
Zòt té k'ay manjé.	Ils n'avaient pas dû manger assez.	328	Vous alliez manger.	298
Zò ka limé bouji-la.	Ils vivent dans une immense maison.	341	Vous allumez la bougie.	587
Ou chanslé.	J'aime manger.	418	Vous avez de la chance.	632
Zòt manjé.	Il y a un blessé.	356	Vous avez mangé.	82
Zò ni on gwo né.		999	Vous avez un gros nez.	8
Zò douvan ?	Dans le futur, je serai championne de tennis !	93	Vous êtes devant ?	591
Zòt sé moun isi.	Je mange du pain au petit-déjeuner.	503	Vous êtes d'ici.	472
Zòt ké manjé.	Quand viendront-elles ?	833	Vous mangerez.	969
Zòt ka manjé.	J'habite aux Saintes.	650	Vous mangez.	592
Zòt ka konpwann mwen ?	J'ai seize ans.	446	Vous me comprenez ?	421
Zòt pa té k'ay manjé.	Je suis nageur.	599	Vous n'alliez pas manger.	527
Zòt pa manjé.	Est-il d'ici ?	185	Vous n'avez pas mangé.	314
Zòt pé ké manjé.	Il joue.	284	Vous ne mangerez pas.	483
Zòt pa ka manjé.	Tu veux venir ?	938	Vous ne mangez pas.	288
Zòt pa ka manjé.	J'ai trente ans.	452	Vous n'êtes pas en train de manger.	940
Ou pé kwè li.	Laquelle préférez-vous ?	667	Vous pouvez le croire.	835
Poutan zòt sav lavi-la rèd.	Je m'appelle Sara.	531	Vous savez pourtant que la vie est dure.	240
	Je cherche une station-essence.	481		986
