Text	Wiki_ID	Wikidata_ID	Source
Wikipedia	None	Q52	OpenTapioca
de	1142	Q573	Wikipedia
yia	1144	Q577	Wikipedia
sarere	847	Q131	Wikipedia
Rom	2206	Q220	Wikipedia
Tok Pisin	625	Q34159	Wikipedia
grama	609	Q8091	Wikipedia
Melanesia	5961	Q37394	Wikipedia
Niu Briten	2537	Q59771	Wikipedia
Niu Ailan	1693	Q838690	Wikipedia
Bogenvil	1178	Q18826	Wikipedia
Manus	1177	Q874935	Wikipedia
kaukau	2510	Q37937	Wikipedia
Saut Amerika	3042	Q18	Wikipedia
Malesia	8678	Q833	Wikipedia
Spen	1161	Q29	Wikipedia
Kokopo	5963	Q1017369	Wikipedia
Ostrelia	622	Q408	Wikipedia
Siapan	1927	Q17	Wikipedia
Niu Ailan	1693	Q838690	Wikipedia
Manus	1177	Q874935	Wikipedia
Niu Briten	2537	Q59771	Wikipedia
Bogenvil	1178	Q18826	Wikipedia
Oro	1713	Q753686	Wikipedia
Milen Be	1691	Q874962	Wikipedia
Michael Somare	3796	Q316264	Wikipedia
Pangu Pati	6633	Q2007531	Wikipedia
Bogenvil	None	Q18826	OpenTapioca
Bogenvil	1178	Q18826	Wikipedia
Giraun	None	Q2	OpenTapioca
diwai	None	Q10884	OpenTapioca
Niugini Ailan	None	Q40285	OpenTapioca
Ostrelia	None	Q3960	OpenTapioca
paus	None	Q19546	OpenTapioca
Niugini	None	Q40285	OpenTapioca
Ostrelia	None	Q408	OpenTapioca
Papua Niugini	None	Q691	OpenTapioca
Papua Niugini	None	Q691	OpenTapioca
kumul	4512	Q179333	Wikipedia
nesenel mak bilong Papua Niugini	3293	Q274170	Wikipedia
Pot Mosbi	1185	Q36526	Wikipedia
Lae	1686	Q612250	Wikipedia
Maun Hagen	1698	Q1017362	Wikipedia
Wewak	1680	Q1017763	Wikipedia
Goroka	1704	Q498192	Wikipedia
Kokopo	5963	Q1017369	Wikipedia
wol	1169	Q16502	Wikipedia
Tok Pisin	625	Q34159	Wikipedia
Hiri Motu	626	Q33617	Wikipedia
Sentral Provins	1716	Q874942	Wikipedia
Gulf Provins	5965	Q874980	Wikipedia
Papua Niugini	None	Q691	OpenTapioca
diwai	None	Q10884	OpenTapioca
hap	None	Q97656929	OpenTapioca
hap	None	Q97656929	OpenTapioca
Daka	None	Q1354	OpenTapioca
Tailan	5803	Q869	Wikipedia
Indonisia	1180	Q252	Wikipedia
Papua Niugini	613	Q691	Wikipedia
Solomon Ailans	623	Q685	Wikipedia
Vanuatu	1129	Q686	Wikipedia
Niu Silan	2808	Q664	Wikipedia
Scott Morrison	8963	Q7436908	Wikipedia
Tok Saina	9054	Q7850	Wikipedia
Ostrelia	None	Q408	OpenTapioca
Papua Niugini	None	Q691	OpenTapioca
Ostrelia	None	Q408	OpenTapioca
Yurop	None	Q46	OpenTapioca
Ostrelia	None	Q408	OpenTapioca
Yunaitet Kingdom	3300	Q145	Wikipedia
Amerika	1137	Q26290	Wikipedia
Inglan	1153	Q21	Wikipedia
Ostrelia	None	Q408	OpenTapioca
Yurop	None	Q46	OpenTapioca
Yurop	None	Q46	OpenTapioca
Ostrelia	None	Q408	OpenTapioca
stet	1141	Q107390	Wikipedia
Niu Saut Wels	8964	Q3224	Wikipedia
Kwinslan	8965	Q36074	Wikipedia
Saut Ostrelia	8970	Q35715	Wikipedia
Viktoria	8966	Q36687	Wikipedia
Tasmenia	8968	Q34366	Wikipedia
Wes Ostrelia	8969	Q3206	Wikipedia
Kapitol Teritori bilong Ostrelia	8971	Q3258	Wikipedia
Noten Teritori	8972	Q3235	Wikipedia
pisin	8659	Q65451264	Wikipedia
ailan	1117	Q23442	Wikipedia
Osenia	1794	Q538	Wikipedia
Papua Niugini	613	Q691	Wikipedia
Vanuatu	1129	Q686	Wikipedia
Kapitol	1179	Q5119	Wikipedia
Yunaitet Kingdom	3300	Q145	Wikipedia
Ostrelia	622	Q408	Wikipedia
Ol	None	Q17637361	OpenTapioca
Namba	None	Q35765	OpenTapioca
Ethnologue	7255	Q14790	Wikipedia
gavman	2057	Q7188	Wikipedia
Tok Pisin	625	Q34159	Wikipedia
Solomon Ailans	None	Q685	OpenTapioca
Honiara	None	Q40921	OpenTapioca
Kapitol	None	Q54109	OpenTapioca
tokples	1182	Q315	Wikipedia
Papua Niugini	613	Q691	Wikipedia
Rabaul	1708	Q218768	Wikipedia
Hiri Motu	626	Q33617	Wikipedia
skul	2133	Q3914	Wikipedia
Papua Niugini	None	Q691	OpenTapioca
PNG	None	Q691	OpenTapioca
wol	None	Q42329	OpenTapioca
Bislama	3770	Q35452	Wikipedia
Vanuatu	1129	Q686	Wikipedia
Solomon Ailans	623	Q685	Wikipedia
Ostrelia	622	Q408	Wikipedia
Papua Niugini	613	Q691	Wikipedia
Tok Pisin	625	Q34159	Wikipedia
Pot Mosbi	None	Q36526	OpenTapioca
Esia	1181	Q48	Wikipedia
Saudi Arabia	8254	Q851	Wikipedia
Kuwait	8248	Q817	Wikipedia
Iran	8238	Q794	Wikipedia
Kapitol	1179	Q5119	Wikipedia
Bagdad	5982	Q1530	Wikipedia
1979	6139	Q2484	Wikipedia
2003	1145	Q1986	Wikipedia
Inglan	1153	Q21	Wikipedia
Amerika	1137	Q26290	Wikipedia
2004	1146	Q2014	Wikipedia
Irak	None	Q796	OpenTapioca
1990	1147	Q2064	Wikipedia
Israel	7269	Q801	Wikipedia
baibel	2205	Q1845	Wikipedia
Jisas	None	Q302	OpenTapioca
Jisas	None	Q302	OpenTapioca
Yerusalem	2201	Q1218	Wikipedia
Jisas	None	Q302	OpenTapioca
Jisas	None	Q302	OpenTapioca
Jisas	None	Q302	OpenTapioca
Kristen	851	Q106039	Wikipedia
Kristen	851	Q106039	Wikipedia
Sidarta	632	Q9441	Wikipedia
India	1175	Q668	Wikipedia
tok	None	Q21041735	OpenTapioca
Buddha	None	Q9441	OpenTapioca
tok	None	Q21041735	OpenTapioca
India	None	Q668	OpenTapioca
meditesen	837	Q108458	Wikipedia
India	1175	Q668	Wikipedia
1947	1130	Q5263	Wikipedia
Inglan	1153	Q21	Wikipedia
Gandi	None	Q1001	OpenTapioca
India	None	Q668	OpenTapioca
Saut Aprika	841	Q258	Wikipedia
Mandela	None	Q8023	OpenTapioca
Saut Aprika	None	Q258	OpenTapioca
Saut Aprika	None	Q258	OpenTapioca
Mandela	None	Q8023	OpenTapioca
Edukesen	833	Q8434	Wikipedia
India	1175	Q668	Wikipedia
Buda	629	Q7055	Wikipedia
budisim	838	Q748	Wikipedia
Sidarta	None	Q9441	OpenTapioca
India	None	Q668	OpenTapioca
Sidarta	None	Q9441	OpenTapioca
Buda	None	Q9441	OpenTapioca
Ating	None	Q553729	OpenTapioca
Sidarta	None	Q9441	OpenTapioca
India	None	Q668	OpenTapioca
papa	None	Q19546	OpenTapioca
Sidarta	None	Q9441	OpenTapioca
Papa	None	Q19546	OpenTapioca
Sidarta	None	Q9441	OpenTapioca
Sidarta	None	Q9441	OpenTapioca
Sidarta	None	Q9441	OpenTapioca
Sidarta	None	Q9441	OpenTapioca
meditesen	837	Q108458	Wikipedia
budisim	838	Q748	Wikipedia
Niugini	1690	Q40285	Wikipedia
Inglan	1153	Q21	Wikipedia
soka	6935	Q2736	Wikipedia
Spen	1161	Q29	Wikipedia
Me	1133	Q119	Wikipedia
1975	6135	Q2479	Wikipedia
Esia	1181	Q48	Wikipedia
1945	6040	Q5240	Wikipedia
Saut Koria	1799	Q884	Wikipedia
Not Koria	1801	Q423	Wikipedia
yia	1144	Q577	Wikipedia
wik	603	Q23387	Wikipedia
Amerika	1137	Q26290	Wikipedia
Inglan	1153	Q21	Wikipedia
Sande	848	Q132	Wikipedia
kam	None	Q740445	OpenTapioca
mun	604	Q1556605	Wikipedia
yia	1144	Q577	Wikipedia
de	1142	Q573	Wikipedia
Niugini	1690	Q40285	Wikipedia
Papua Niugini	613	Q691	Wikipedia
Nauru	2227	Q697	Wikipedia
Vanuatu	1129	Q686	Wikipedia
Tuvalu	2226	Q672	Wikipedia
Niu Silan	2808	Q664	Wikipedia
ailan	1117	Q23442	Wikipedia
Osenia	1794	Q538	Wikipedia
Yurop	1154	Q46	Wikipedia
Gris	None	Q41	OpenTapioca
Yurop	1154	Q46	Wikipedia
Paris	2610	Q90	Wikipedia
Paris	2610	Q90	Wikipedia
Lyon	5958	Q456	Wikipedia
Lille	5959	Q648	Wikipedia
Amerika	None	Q49	OpenTapioca
India	1175	Q668	Wikipedia
Hinduisim	8861	Q9089	Wikipedia
budisim	838	Q748	Wikipedia
wol	None	Q42329	OpenTapioca
Long	None	Q493033	OpenTapioca
Amerika	None	Q49	OpenTapioca
Buda	None	Q1781	OpenTapioca
lotu	840	Q9174	Wikipedia
Sidarta	632	Q9441	Wikipedia
Buda	629	Q7055	Wikipedia
Sidarta	632	Q9441	Wikipedia
Buda	None	Q1781	OpenTapioca
Sidarta	632	Q9441	Wikipedia
Igat	None	Q4197319	OpenTapioca
Meditesen	837	Q108458	Wikipedia
Buda	None	Q1781	OpenTapioca
tok	None	Q21041735	OpenTapioca
Ol	None	Q17637361	OpenTapioca
Lo	None	Q34442	OpenTapioca
Man	None	Q9676	OpenTapioca
Buda	None	Q1781	OpenTapioca
mas	None	Q585956	OpenTapioca
Graun	None	Q380146	OpenTapioca
Protestan	None	Q23540	OpenTapioca
Protestan	None	Q23540	OpenTapioca
Aprika	2605	Q15	Wikipedia
ensaiklopedia	1119	Q5292	Wikipedia
Intanet	1120	Q75	Wikipedia
العربية	None	Q31945	OpenTapioca
Français	None	Q121842	OpenTapioca
Nederlands	None	Q55	OpenTapioca
آذربایجان	None	Q227	OpenTapioca
دیلی	None	Q9310	OpenTapioca
Hō	None	Q23397	OpenTapioca
Eesti	None	Q191	OpenTapioca
Filipino	None	Q928	OpenTapioca
မြန်မာဘာသာ	None	Q836	OpenTapioca
Indonesia	None	Q252	OpenTapioca
Magyar	None	Q28	OpenTapioca
Shqip	None	Q222	OpenTapioca
Suomi	None	Q33	OpenTapioca
Tatarça	None	Q12160963	OpenTapioca
اردو	None	Q483180	OpenTapioca
Acèh	None	Q1823	OpenTapioca
اچيه	None	Q1823	OpenTapioca
Bikol	None	Q13662	OpenTapioca
Zamboanga	None	Q1629	OpenTapioca
Fiji	None	Q712	OpenTapioca
फ़िजी बात	None	Q977	OpenTapioca
ગુજરાતી	None	Q1061	OpenTapioca
ইমার	None	Q857266	OpenTapioca
ঠার/বিষ্ণুপ্রিয়া	None	Q34001	OpenTapioca
মণিপুরী	None	Q1193	OpenTapioca
Jawa	None	Q3757	OpenTapioca
Mìng	None	Q9903	OpenTapioca
Монгол	None	Q711	OpenTapioca
नेपाल भाषा	None	Q3418389	OpenTapioca
नेपाली	None	Q837	OpenTapioca
ਪੰਜਾਬੀ (ਗੁਰਮੁਖੀ	None	Q3832	OpenTapioca
Саха	None	Q6605	OpenTapioca
བོད་ཡིག	None	Q17252	OpenTapioca
Basa	None	Q160091	OpenTapioca
Vèneto	None	Q1243	OpenTapioca
Yorùbá	None	Q5086	OpenTapioca
ភាសាខ្មែរ	None	Q369	OpenTapioca
සිංහල	None	Q38	OpenTapioca
Tok Pisin	625	Q34159	Wikipedia
Inuktitut • jysk	None	Q16210183	OpenTapioca
Lazuri • Lingít	None	Q5054973	OpenTapioca
• Lwo	None	Q7236987	OpenTapioca
• Norfuk	None	Q34020	OpenTapioca
Pitkern • ߒߞߏ	None	Q35672	OpenTapioca
къумукъ	None	Q131664	OpenTapioca
Romani • Kirundi	None	Q12725092	OpenTapioca
• Ganda	None	Q1203139	OpenTapioca
ke Lava	None	Q1296	OpenTapioca
• Setswana	None	Q5620	OpenTapioca
Hiri	None	Q298	OpenTapioca
Żż’ŻŚ’Ż£’ŻÉ’Żø	None	Q705	OpenTapioca
wik	603	Q23387	Wikipedia
Amerika	1137	Q26290	Wikipedia
Inglan	1153	Q21	Wikipedia
Sande	848	Q132	Wikipedia
Tok Pisin	625	Q34159	Wikipedia
trinde	844	Q128	Wikipedia
fonde	845	Q129	Wikipedia
wik	603	Q23387	Wikipedia
Inglan	1153	Q21	Wikipedia
Sande	848	Q132	Wikipedia
De	1142	Q573	Wikipedia
Mande	821	Q105	Wikipedia
Tunde	843	Q127	Wikipedia
Fraide	846	Q130	Wikipedia
Sarere	847	Q131	Wikipedia
Sande	848	Q132	Wikipedia
Trinde	844	Q128	Wikipedia
Fonde	845	Q129	Wikipedia
Trinde	844	Q128	Wikipedia
Fonde	845	Q129	Wikipedia
Trinde	844	Q128	Wikipedia
wik	603	Q23387	Wikipedia
Amerika	1137	Q26290	Wikipedia
Inglan	1153	Q21	Wikipedia
Sande	848	Q132	Wikipedia
De	1142	Q573	Wikipedia
Mande	821	Q105	Wikipedia
Tunde	843	Q127	Wikipedia
Fraide	846	Q130	Wikipedia
Sarere	847	Q131	Wikipedia
Sande	848	Q132	Wikipedia
Trinde	844	Q128	Wikipedia
Fonde	845	Q129	Wikipedia
yia	1144	Q577	Wikipedia
wik	603	Q23387	Wikipedia
Amerika	1137	Q26290	Wikipedia
Inglan	1153	Q21	Wikipedia
Sande	848	Q132	Wikipedia
kam	None	Q740445	OpenTapioca
Fraide	846	Q130	Wikipedia
Mande	821	Q105	Wikipedia
Islam	853	Q432	Wikipedia
lotu	840	Q9174	Wikipedia
Iran	8238	Q794	Wikipedia
Sarere	847	Q131	Wikipedia
Judaisim	855	Q9268	Wikipedia
lotu	840	Q9174	Wikipedia
Sarere	847	Q131	Wikipedia
Yurop	1154	Q46	Wikipedia
Amerika	1137	Q26290	Wikipedia
mun	604	Q1556605	Wikipedia
wik	603	Q23387	Wikipedia
Amerika	1137	Q26290	Wikipedia
Inglan	1153	Q21	Wikipedia
Sande	848	Q132	Wikipedia
Tok Latin	1911	Q397	Wikipedia
Sande	848	Q132	Wikipedia
Islam	853	Q432	Wikipedia
lotu	840	Q9174	Wikipedia
Iran	8238	Q794	Wikipedia
Fraide	846	Q130	Wikipedia
Judaisim	855	Q9268	Wikipedia
lotu	840	Q9174	Wikipedia
wik	603	Q23387	Wikipedia
Amerika	1137	Q26290	Wikipedia
Inglan	1153	Q21	Wikipedia
Sande	848	Q132	Wikipedia
Yurop	1154	Q46	Wikipedia
Sarere	847	Q131	Wikipedia
Kristen	851	Q106039	Wikipedia
sios	1912	Q16970	Wikipedia
de	1142	Q573	Wikipedia
Yia	1144	Q577	Wikipedia
John 3:16	None	Q2164031	OpenTapioca
tok	None	Q21041735	OpenTapioca
dai	None	Q4036979	OpenTapioca
Kristen	851	Q106039	Wikipedia
Jisas	628	Q302	Wikipedia
papa	None	Q19546	OpenTapioca
Kristen	851	Q106039	Wikipedia
Jisas	628	Q302	Wikipedia
Kristen	851	Q106039	Wikipedia
Pop	1158	Q19546	Wikipedia
Rom	2206	Q220	Wikipedia
Itali	1633	Q38	Wikipedia
Katolik	None	Q9592	OpenTapioca
Mi	None	Q30	OpenTapioca
Papa	None	Q19546	OpenTapioca
Mi	None	Q30	OpenTapioca
Jisas	None	Q302	OpenTapioca
diwai	None	Q10884	OpenTapioca
dai	None	Q4036979	OpenTapioca
Papa i	None	Q49389092	OpenTapioca
kam	None	Q740445	OpenTapioca
Mi	None	Q30	OpenTapioca
Spirit	None	Q1190598	OpenTapioca
Mi	None	Q30	OpenTapioca
Kristen	None	Q1634311	OpenTapioca
Mi	None	Q30	OpenTapioca
Kristen	None	Q1634311	OpenTapioca
Mi	None	Q30	OpenTapioca
save	None	Q7520260	OpenTapioca
Mi	None	Q30	OpenTapioca
Mi	None	Q30	OpenTapioca
save	None	Q7520260	OpenTapioca
Katolik	None	Q9592	OpenTapioca
Islam	853	Q432	Wikipedia
lotu	840	Q9174	Wikipedia
Judaisim	855	Q9268	Wikipedia
lotu	840	Q9174	Wikipedia
Kristen	851	Q106039	Wikipedia
Jisas	628	Q302	Wikipedia
Sios	1912	Q16970	Wikipedia
Gris	832	Q41	Wikipedia
Kristen	851	Q106039	Wikipedia
Jisas	628	Q302	Wikipedia
katolik	852	Q1841	Wikipedia
Pop	1158	Q19546	Wikipedia
Protestan	None	Q23540	OpenTapioca
mun	604	Q1556605	Wikipedia
yia	1144	Q577	Wikipedia
de	1142	Q573	Wikipedia
Tok Latin	1911	Q397	Wikipedia
planet	1121	Q634	Wikipedia
Amerika	1137	Q26290	Wikipedia
1993	1122	Q2065	Wikipedia
1997	1123	Q2088	Wikipedia
1946	1127	Q18610	Wikipedia
kontinen	1139	Q5107	Wikipedia
buk	2132	Q571	Wikipedia
Wikipedia	842	Q52	Wikipedia
intanet	1120	Q75	Wikipedia
Amerika	1137	Q26290	Wikipedia
wol	None	Q42329	OpenTapioca
San	4461	Q525	Wikipedia
Mun	604	Q1556605	Wikipedia
San	4461	Q525	Wikipedia
Estronomi	1942	Q333	Wikipedia
Estronomi	1942	Q333	Wikipedia
San	4461	Q525	Wikipedia
San	4461	Q525	Wikipedia
Rom	2206	Q220	Wikipedia
Mun	604	Q1556605	Wikipedia
San	4461	Q525	Wikipedia
San	4461	Q525	Wikipedia
Amerika	1137	Q26290	Wikipedia
2001	1125	Q1988	Wikipedia
2005	1124	Q2019	Wikipedia
George H. W. Bush	1170	Q23505	Wikipedia
1946	1127	Q18610	Wikipedia
Tunde	843	Q127	Wikipedia
ikonimikis	2059	Q8134	Wikipedia
Bislama	3770	Q35452	Wikipedia
Bislama	3770	Q35452	Wikipedia
Tok Frens	3036	Q150	Wikipedia
Kapitol	1179	Q5119	Wikipedia
Pot Vila	1155	Q37806	Wikipedia
Gandi	630	Q1001	Wikipedia
mun	604	Q1556605	Wikipedia
yia	1144	Q577	Wikipedia
de	1142	Q573	Wikipedia
mun	604	Q1556605	Wikipedia
yia	1144	Q577	Wikipedia
de	1142	Q573	Wikipedia
mun	604	Q1556605	Wikipedia
yia	1144	Q577	Wikipedia
de	1142	Q573	Wikipedia
mun	604	Q1556605	Wikipedia
yia	1144	Q577	Wikipedia
de	1142	Q573	Wikipedia
44 yia i go bipo Jisas	1148	Q35261	Wikipedia
mun	604	Q1556605	Wikipedia
yia	1144	Q577	Wikipedia
de	1142	Q573	Wikipedia
Janueri	867	Q108	Wikipedia
Mas	823	Q110	Wikipedia
Me	1133	Q119	Wikipedia
Julai	1135	Q121	Wikipedia
Oktoba	1150	Q124	Wikipedia
Disemba	1151	Q126	Wikipedia
23 yia i go bipo Jisas	1149	Q40406	Wikipedia
August	None	Q1405	OpenTapioca
Amerika	None	Q49	OpenTapioca
kontinen	1139	Q5107	Wikipedia
ailan	1117	Q23442	Wikipedia
ailan	1117	Q23442	Wikipedia
Namba	None	Q35765	OpenTapioca
wol	None	Q42329	OpenTapioca
wol	None	Q42329	OpenTapioca
Not Amerika	1166	Q49	Wikipedia
wol	None	Q42329	OpenTapioca
stet	1141	Q107390	Wikipedia
Kanada	1913	Q16	Wikipedia
Meksiko	2826	Q96	Wikipedia
awa	8290	Q65451236	Wikipedia
yia	1144	Q577	Wikipedia
2003	1145	Q1986	Wikipedia
Jisas	None	Q302	OpenTapioca
Jisas	None	Q302	OpenTapioca
mun	604	Q1556605	Wikipedia
yia	1144	Q577	Wikipedia
de	1142	Q573	Wikipedia
Janueri	867	Q108	Wikipedia
Mas	823	Q110	Wikipedia
Me	1133	Q119	Wikipedia
Julai	1135	Q121	Wikipedia
Ogas	1136	Q122	Wikipedia
Disemba	1151	Q126	Wikipedia
tok Latin	1911	Q397	Wikipedia
mun	604	Q1556605	Wikipedia
yia	1144	Q577	Wikipedia
de	1142	Q573	Wikipedia
Janueri	867	Q108	Wikipedia
Mas	823	Q110	Wikipedia
Me	1133	Q119	Wikipedia
Julai	1135	Q121	Wikipedia
Ogas	1136	Q122	Wikipedia
Oktoba	1150	Q124	Wikipedia
tok Latin	1911	Q397	Wikipedia
mun	604	Q1556605	Wikipedia
yia	1144	Q577	Wikipedia
de	1142	Q573	Wikipedia
tok Latin	1911	Q397	Wikipedia
kantri	1890	Q7275	Wikipedia
Yurop	1154	Q46	Wikipedia
Skotlan	3768	Q22	Wikipedia
Wels	3767	Q25	Wikipedia
Yunaitet Kingdom	3300	Q145	Wikipedia
Bikpela Briten	1796	Q23666	Wikipedia
kontinen	1139	Q5107	Wikipedia
Esia	1181	Q48	Wikipedia
Ostrelia	622	Q408	Wikipedia
Esia	1181	Q48	Wikipedia
Aprika	2605	Q15	Wikipedia
Rasia	3024	Q159	Wikipedia
kantri	1890	Q7275	Wikipedia
Kapitol	1179	Q5119	Wikipedia
Vanuatu	1129	Q686	Wikipedia
pop	1158	Q19546	Wikipedia
2005	1124	Q2019	Wikipedia
Siamani	1160	Q183	Wikipedia
Pop	1158	Q19546	Wikipedia
Katolik	852	Q1841	Wikipedia
Katolik	852	Q1841	Wikipedia
Kristen	851	Q106039	Wikipedia
Benedict XVI	1157	Q2494	Wikipedia
kantri	1890	Q7275	Wikipedia
Yurop	1154	Q46	Wikipedia
Holan	8894	Q55	Wikipedia
Papua Niugini	613	Q691	Wikipedia
Siaman Niugini	2630	Q165008	Wikipedia
Martin Luther	4289	Q9554	Wikipedia
Albert Einstein	1167	Q937	Wikipedia
Kapitol	1179	Q5119	Wikipedia
Berlin	2619	Q64	Wikipedia
kantri	1890	Q7275	Wikipedia
Yurop	1154	Q46	Wikipedia
Madrid	2995	Q2807	Wikipedia
kapitol	1179	Q5119	Wikipedia
Tok Spen	2999	Q1321	Wikipedia
kontinen	1139	Q5107	Wikipedia
Siamani	1160	Q183	Wikipedia
1940	6047	Q18633	Wikipedia
Amerika	1137	Q26290	Wikipedia
1955	6052	Q18577	Wikipedia
Estronomi	1942	Q333	Wikipedia
Giraun	1143	Q2	Wikipedia
Wol	None	Q42329	OpenTapioca
wol	None	Q42329	OpenTapioca
kantri	1890	Q7275	Wikipedia
kontinen	1139	Q5107	Wikipedia
Wol	1169	Q16502	Wikipedia
Save long giraun	3198	Q1071	Wikipedia
1924	6269	Q2173	Wikipedia
1989	6038	Q2425	Wikipedia
1993	1122	Q2065	Wikipedia
Aprika	2605	Q15	Wikipedia
Pakistan	8241	Q843	Wikipedia
Nepal	8240	Q837	Wikipedia
Bhutan	3783	Q917	Wikipedia
Bangladesh	8237	Q902	Wikipedia
Papua Niugini	613	Q691	Wikipedia
Lorengau	1687	Q1017430	Wikipedia
Papua Niugini	613	Q691	Wikipedia
Buka	4531	Q2482800	Wikipedia
Arawa	1702	Q626729	Wikipedia
Arawa	1702	Q626729	Wikipedia
1966	6063	Q2649	Wikipedia
Panguna	8353	Q17060798	Wikipedia
1988	6148	Q2426	Wikipedia
kantri	1890	Q7275	Wikipedia
1997	1123	Q2088	Wikipedia
2005	1124	Q2019	Wikipedia
Buka	4531	Q2482800	Wikipedia
Pot Mosbi	1185	Q36526	Wikipedia
Amerika	1137	Q26290	Wikipedia
kantri	1890	Q7275	Wikipedia
Esia	1181	Q48	Wikipedia
Islam	853	Q432	Wikipedia
Kapitol	1179	Q5119	Wikipedia
kontinen	1139	Q5107	Wikipedia
kantri	1890	Q7275	Wikipedia
2002	2811	Q1987	Wikipedia
Kapitol	1179	Q5119	Wikipedia
Esperanto	7049	Q143	Wikipedia
famili bilong tokples	1954	Q25295	Wikipedia
Papua Niugini	613	Q691	Wikipedia
gavman	2057	Q7188	Wikipedia
Nesenel Kapitol Distrik	1823	Q1378310	Wikipedia
Sentral Provins	1716	Q874942	Wikipedia
2000	2813	Q1985	Wikipedia
Inglan	None	Q21	OpenTapioca
Mosbi	None	Q36526	OpenTapioca
John Moresby	None	Q712425	OpenTapioca
Port Moresby	None	Q36526	OpenTapioca
papa	None	Q19546	OpenTapioca
Sir Fairfax Moresby	None	Q5430198	OpenTapioca
Amerika	None	Q30	OpenTapioca
Ostrelia	None	Q408	OpenTapioca
kam	None	Q740445	OpenTapioca
Mosbi	None	Q36526	OpenTapioca
Mosbi	None	Q36526	OpenTapioca
Papua	None	Q691	OpenTapioca
Mosbi	None	Q36526	OpenTapioca
Mosbi	None	Q36526	OpenTapioca
Papua Niugini	None	Q691	OpenTapioca
Mosbi	None	Q36526	OpenTapioca
Mosbi	None	Q36526	OpenTapioca
wol	None	Q42329	OpenTapioca
gavman	2057	Q7188	Wikipedia
kantri	1890	Q7275	Wikipedia
Yurop	1154	Q46	Wikipedia
Papua Niugini	None	Q691	OpenTapioca
Papua Niugini	None	Q691	OpenTapioca
kantri	1890	Q7275	Wikipedia
Yurop	1154	Q46	Wikipedia
kantri	1890	Q7275	Wikipedia
Yurop	1154	Q46	Wikipedia
Lituwenia	1649	Q37	Wikipedia
Estonia	1651	Q191	Wikipedia
Rasia	3024	Q159	Wikipedia
Kapitol	1179	Q5119	Wikipedia
Riga	6530	Q1773	Wikipedia
kantri	1890	Q7275	Wikipedia
Yurop	1154	Q46	Wikipedia
Latvia	1650	Q211	Wikipedia
Pinlan	1802	Q33	Wikipedia
Rasia	3024	Q159	Wikipedia
Kapitol	1179	Q5119	Wikipedia
Toomas Hendrik Ilves	8219	Q57289	Wikipedia
Papua Niugini	613	Q691	Wikipedia
Sepik	1719	Q848308	Wikipedia
Wewak	1680	Q1017763	Wikipedia
Vanimo	1684	Q1017354	Wikipedia
kapitol	1179	Q5119	Wikipedia
Papua Niugini	613	Q691	Wikipedia
Vanimo	1684	Q1017354	Wikipedia
kapitol	1179	Q5119	Wikipedia
Is Sepik	1676	Q690880	Wikipedia
Papua Niugini	613	Q691	Wikipedia
Vanimo	1684	Q1017354	Wikipedia
Sepik	1719	Q848308	Wikipedia
Papua Niugini	613	Q691	Wikipedia
diwai	7253	Q10884	Wikipedia
kantri	1890	Q7275	Wikipedia
Papua Niugini	613	Q691	Wikipedia
Kapitol	1179	Q5119	Wikipedia
Kapitol	1179	Q5119	Wikipedia
Papua Niugini	613	Q691	Wikipedia
Kapitol	1179	Q5119	Wikipedia
Sandaun	1679	Q753689	Wikipedia
Papua Niugini	613	Q691	Wikipedia
Papua Niugini	613	Q691	Wikipedia
Lae	1686	Q612250	Wikipedia
kapitol	1179	Q5119	Wikipedia
kapitol	1179	Q5119	Wikipedia
Morobe	1685	Q853664	Wikipedia
Papua Niugini	613	Q691	Wikipedia
Pot Mosbi	1185	Q36526	Wikipedia
kapitol	1179	Q5119	Wikipedia
Manus	1177	Q874935	Wikipedia
Papua Niugini	613	Q691	Wikipedia
Papua Niugini	613	Q691	Wikipedia
Kapitol	1179	Q5119	Wikipedia
Daru	1689	Q499375	Wikipedia
Tabubil	2567	Q1017801	Wikipedia
Kapitol	1179	Q5119	Wikipedia
Westen Provins	1688	Q849790	Wikipedia
Papua Niugini	613	Q691	Wikipedia
Niugini	1690	Q40285	Wikipedia
ailan	1117	Q23442	Wikipedia
ailan	1117	Q23442	Wikipedia
Ostrelia	622	Q408	Wikipedia
Greenland	1718	Q223	Wikipedia
kantri	1890	Q7275	Wikipedia
Papua Niugini	613	Q691	Wikipedia
Niugini	None	Q40285	OpenTapioca
2005	1124	Q2019	Wikipedia
Papua Niugini	613	Q691	Wikipedia
Alotau	2816	Q568137	Wikipedia
kapitol	1179	Q5119	Wikipedia
Niugini	1690	Q40285	Wikipedia
ailan	1117	Q23442	Wikipedia
Papua Niugini	613	Q691	Wikipedia
Kavieng	1694	Q1017358	Wikipedia
kapitol	1179	Q5119	Wikipedia
Niu Ailan ailan	1892	Q215089	Wikipedia
kapitol	1179	Q5119	Wikipedia
Niu Ailan	1693	Q838690	Wikipedia
Papua Niugini	613	Q691	Wikipedia
Papua Niugini	613	Q691	Wikipedia
Wabag	1696	Q2482803	Wikipedia
kapitol	1179	Q5119	Wikipedia
Naimanya Pii	2020	Q6521067	Wikipedia
kapitol	1179	Q5119	Wikipedia
Enga	1695	Q862584	Wikipedia
Wabag Central	2012	Q1776192	Wikipedia
Papua Niugini	613	Q691	Wikipedia
Maun Hagen	1698	Q1017362	Wikipedia
kapitol	1179	Q5119	Wikipedia
kapitol	1179	Q5119	Wikipedia
Westen Hailans	1697	Q849807	Wikipedia
Papua Niugini	613	Q691	Wikipedia
Pot Mosbi	1185	Q36526	Wikipedia
Lae	1686	Q612250	Wikipedia
Maun Hagen	1698	Q1017362	Wikipedia
1933	6278	Q18726	Wikipedia
Maun Hagen	None	Q1017362	OpenTapioca
Ol	None	Q17637361	OpenTapioca
Lae	1686	Q612250	Wikipedia
Westen Hailans	1697	Q849807	Wikipedia
min	None	Q52239036	OpenTapioca
Bogenvil	1178	Q18826	Wikipedia
Papua Niugini	613	Q691	Wikipedia
kapitol	1179	Q5119	Wikipedia
Buka	4531	Q2482800	Wikipedia
Panguna	8353	Q17060798	Wikipedia
Papua Niugini	613	Q691	Wikipedia
Goroka	1704	Q498192	Wikipedia
kapitol	1179	Q5119	Wikipedia
kopi	2042	Q8486	Wikipedia
kapitol	1179	Q5119	Wikipedia
Isten Hailans	1703	Q849812	Wikipedia
Papua Niugini	613	Q691	Wikipedia
Septemba	2530	Q123	Wikipedia
Papua Niugini	613	Q691	Wikipedia
Kundiawa	1706	Q612162	Wikipedia
kapitol	1179	Q5119	Wikipedia
kuman	1790	Q137525	Wikipedia
kopi	2042	Q8486	Wikipedia
kapitol	1179	Q5119	Wikipedia
Simbu	1705	Q599448	Wikipedia
Papua Niugini	613	Q691	Wikipedia
Papua Niugini	613	Q691	Wikipedia
Rabaul	1708	Q218768	Wikipedia
kapitol	1179	Q5119	Wikipedia
Kokopo	5963	Q1017369	Wikipedia
kapitol	1179	Q5119	Wikipedia
Is Niu Briten	1707	Q753702	Wikipedia
Papua Niugini	613	Q691	Wikipedia
1994	2818	Q2067	Wikipedia
Kokopo	5963	Q1017369	Wikipedia
Papua Niugini	613	Q691	Wikipedia
Niu Briten	2537	Q59771	Wikipedia
Kapitol	1179	Q5119	Wikipedia
Kimbe	1710	Q59718	Wikipedia
kapitol	1179	Q5119	Wikipedia
Wes Niu Briten	1709	Q667468	Wikipedia
Papua Niugini	613	Q691	Wikipedia
Papua Niugini	613	Q691	Wikipedia
Mendi	1712	Q1017120	Wikipedia
kapitol	1179	Q5119	Wikipedia
kapitol	1179	Q5119	Wikipedia
Sauten Hailans	1711	Q849801	Wikipedia
Papua Niugini	613	Q691	Wikipedia
Papua Niugini	613	Q691	Wikipedia
Popondetta	1714	Q1017376	Wikipedia
kapitol	1179	Q5119	Wikipedia
kapitol	1179	Q5119	Wikipedia
Oro	1713	Q753686	Wikipedia
Papua Niugini	613	Q691	Wikipedia
1951	6048	Q18591	Wikipedia
Popondetta	1714	Q1017376	Wikipedia
Oro	1713	Q753686	Wikipedia
Papua Niugini	613	Q691	Wikipedia
1951	6048	Q18591	Wikipedia
Papua Niugini	613	Q691	Wikipedia
Pot Mosbi	1185	Q36526	Wikipedia
kapitol	1179	Q5119	Wikipedia
Nesenel Kapitol Distrik	1823	Q1378310	Wikipedia
ailan	1117	Q23442	Wikipedia
kontinen	1139	Q5107	Wikipedia
Denmak	2080	Q35	Wikipedia
kantri	1890	Q7275	Wikipedia
Yurop	1154	Q46	Wikipedia
Papua Niugini	613	Q691	Wikipedia
Wewak	1680	Q1017763	Wikipedia
tokples	1182	Q315	Wikipedia
Simbu	1705	Q599448	Wikipedia
Papua Niugini	613	Q691	Wikipedia
kontinen	1139	Q5107	Wikipedia
ailan	1117	Q23442	Wikipedia
Ostrelia	622	Q408	Wikipedia
Ostrelia	622	Q408	Wikipedia
Melanesia	5961	Q37394	Wikipedia
ailan	1117	Q23442	Wikipedia
Yurop	1154	Q46	Wikipedia
Bikpela Briten	1796	Q23666	Wikipedia
Yunaitet Kingdom	3300	Q145	Wikipedia
ailan	1117	Q23442	Wikipedia
Yurop	1154	Q46	Wikipedia
Bikpela Briten	None	Q23666	OpenTapioca
Esia	1181	Q48	Wikipedia
Not Koria	1801	Q423	Wikipedia
Tok Koria	7902	Q9176	Wikipedia
kantri	1890	Q7275	Wikipedia
Yurop	1154	Q46	Wikipedia
ailan	1117	Q23442	Wikipedia
solwara Atlantik	6748	Q97	Wikipedia
Kapitol	1179	Q5119	Wikipedia
Reykjavik	2505	Q1764	Wikipedia
Tok Aislan	2506	Q294	Wikipedia
kantri	1890	Q7275	Wikipedia
Esia	1181	Q48	Wikipedia
Rasia	3024	Q159	Wikipedia
Kapitol	1179	Q5119	Wikipedia
Pyongyang	3046	Q18808	Wikipedia
1947	1130	Q5263	Wikipedia
1947	1130	Q5263	Wikipedia
1994	2818	Q2067	Wikipedia
1994	2818	Q2067	Wikipedia
Tok Pinlan	8949	Q1412	Wikipedia
Tok Pinlan	8949	Q1412	Wikipedia
Yurop	1154	Q46	Wikipedia
Rasia	3024	Q159	Wikipedia
Pinlan	None	Q33	OpenTapioca
Rasia	None	Q159	OpenTapioca
Pinlan	None	Q33	OpenTapioca
Rasia	None	Q159	OpenTapioca
Pinlan	None	Q33	OpenTapioca
Ostria	2482	Q40	Wikipedia
Esia	1181	Q48	Wikipedia
Tok Saina	9054	Q7850	Wikipedia
kantri	1890	Q7275	Wikipedia
Esia	1181	Q48	Wikipedia
Kapitol	1179	Q5119	Wikipedia
Beijing	2202	Q956	Wikipedia
Sianghai	9053	Q8686	Wikipedia
Tok Saina	9054	Q7850	Wikipedia
kapitol	1179	Q5119	Wikipedia
Sol	None	Q8684	OpenTapioca
Sol	None	Q8684	OpenTapioca
Sol	None	Q8684	OpenTapioca
kantri	1890	Q7275	Wikipedia
Yurop	1154	Q46	Wikipedia
Papua Niugini	613	Q691	Wikipedia
Pot Mosbi	1185	Q36526	Wikipedia
Kaunti Cork	1888	Q162475	Wikipedia
Aialan	1795	Q22890	Wikipedia
Kaunti Cork	1888	Q162475	Wikipedia
kaunti	1891	Q28575	Wikipedia
Ripablik bilong Aialan	1893	Q27	Wikipedia
Cork	1884	Q36647	Wikipedia
Kinsale	1882	Q840681	Wikipedia
kaunti	1891	Q28575	Wikipedia
stet	1141	Q107390	Wikipedia
kantri	1890	Q7275	Wikipedia
Papua Niugini	613	Q691	Wikipedia
ailan	1117	Q23442	Wikipedia
Niu Ailan	1693	Q838690	Wikipedia
Papua Niugini	613	Q691	Wikipedia
Tok Aialan	1901	Q9142	Wikipedia
Aialan	1795	Q22890	Wikipedia
Dublin	1894	Q1761	Wikipedia
Tok Aialan	1901	Q9142	Wikipedia
1919	6167	Q2157	Wikipedia
Ripablik bilong Aialan	1893	Q27	Wikipedia
Ripablik bilong Aialan	1893	Q27	Wikipedia
Katolik	852	Q1841	Wikipedia
lotu	840	Q9174	Wikipedia
Kristen	851	Q106039	Wikipedia
Not Amerika	1166	Q49	Wikipedia
Ottawa	5817	Q1930	Wikipedia
Toronto	7697	Q172	Wikipedia
Montreal	8073	Q340	Wikipedia
Vancouver	8074	Q24639	Wikipedia
tokples	1182	Q315	Wikipedia
Amerika	1137	Q26290	Wikipedia
Ferdinand de Saussure	2079	Q13230	Wikipedia
Kapitol	1179	Q5119	Wikipedia
Esia	1181	Q48	Wikipedia
Taiwan	1926	Q22502	Wikipedia
kapitol	1179	Q5119	Wikipedia
Ol Manmeri Ripablik bilong Saina	1815	Q148	Wikipedia
Taipei	2203	Q1867	Wikipedia
Taiwan	1926	Q22502	Wikipedia
ailan	1117	Q23442	Wikipedia
Esia	1181	Q48	Wikipedia
Tokples Siapan	6103	Q5287	Wikipedia
kantri	1890	Q7275	Wikipedia
Esia	1181	Q48	Wikipedia
Hokkaido	2601	Q35581	Wikipedia
Honshu	2602	Q13989	Wikipedia
Shikoku	2603	Q13991	Wikipedia
Kyushu	2604	Q13987	Wikipedia
Tok Gris	1935	Q9129	Wikipedia
Tok Gris	1935	Q9129	Wikipedia
Pilosopi long Wes	1937	Q842333	Wikipedia
Tok Gris	1935	Q9129	Wikipedia
pilosopi	1933	Q5891	Wikipedia
tokples	1182	Q315	Wikipedia
Gris	832	Q41	Wikipedia
pilosopi	1933	Q5891	Wikipedia
Gris	832	Q41	Wikipedia
1831	6316	Q7579	Wikipedia
pilosopi	1933	Q5891	Wikipedia
Siamani	1160	Q183	Wikipedia
lotu	840	Q9174	Wikipedia
kemistri	8655	Q2329	Wikipedia
Tokples Siapan	6103	Q5287	Wikipedia
famili bilong tokples	1954	Q25295	Wikipedia
Yurop	1154	Q46	Wikipedia
Rasia	3024	Q159	Wikipedia
India	1175	Q668	Wikipedia
Iran	8238	Q794	Wikipedia
Tok Pisin	625	Q34159	Wikipedia
Bislama	3770	Q35452	Wikipedia
Enga	1695	Q862584	Wikipedia
Wabag	1696	Q2482803	Wikipedia
Enga	1695	Q862584	Wikipedia
Enga	1695	Q862584	Wikipedia
Enga	1695	Q862584	Wikipedia
Enga	1695	Q862584	Wikipedia
Kandep	2017	Q924873	Wikipedia
tokples	1182	Q315	Wikipedia
Enga	1695	Q862584	Wikipedia
Papua Niugini	613	Q691	Wikipedia
Sentral Provins	1716	Q874942	Wikipedia
Abau	2023	Q3603146	Wikipedia
Milen Be	1691	Q874962	Wikipedia
Rigo	2024	Q7333840	Wikipedia
Oro	1713	Q753686	Wikipedia
Sentral Provins	1716	Q874942	Wikipedia
Kairuku Hiri	2025	Q1776183	Wikipedia
Abau	2023	Q3603146	Wikipedia
Sentral Provins	1716	Q874942	Wikipedia
Pot Mosbi	1185	Q36526	Wikipedia
Sentral Provins	1716	Q874942	Wikipedia
Sentral Provins	1716	Q874942	Wikipedia
Sentral Provins	1716	Q874942	Wikipedia
Sentral Provins	1716	Q874942	Wikipedia
Sentral Provins	1716	Q874942	Wikipedia
Sentral Provins	1716	Q874942	Wikipedia
Sentral Provins	1716	Q874942	Wikipedia
Sentral Provins	1716	Q874942	Wikipedia
Sentral Provins	1716	Q874942	Wikipedia
Papua Niugini	613	Q691	Wikipedia
lo	8651	Q7748	Wikipedia
pilosopi	1933	Q5891	Wikipedia
Sentral Provins	1716	Q874942	Wikipedia
Sentral Provins	1716	Q874942	Wikipedia
Sentral Provins	1716	Q874942	Wikipedia
Sentral Provins	1716	Q874942	Wikipedia
Sentral Provins	1716	Q874942	Wikipedia
1913	6161	Q2080	Wikipedia
Yurop	1154	Q46	Wikipedia
Siamani	1160	Q183	Wikipedia
Nowe	2233	Q20	Wikipedia
Tok Denmak	3556	Q9035	Wikipedia
Isten Hailans	1703	Q849812	Wikipedia
2000	2813	Q1985	Wikipedia
ken	None	Q1107006	OpenTapioca
ken	None	Q1107006	OpenTapioca
gavman	2057	Q7188	Wikipedia
gavman	2057	Q7188	Wikipedia
gavman	2057	Q7188	Wikipedia
pilosopi	1933	Q5891	Wikipedia
sosiolosi	2087	Q21201	Wikipedia
save long laip	5823	Q420	Wikipedia
Papua Niugini	613	Q691	Wikipedia
kantri	1890	Q7275	Wikipedia
Papua Niugini	None	Q691	OpenTapioca
Papua Niugini	None	Q691	OpenTapioca
Saikolosi	2089	Q9418	Wikipedia
Saikolosi	2089	Q9418	Wikipedia
Tok Rasia	3552	Q7737	Wikipedia
1934	6279	Q18714	Wikipedia
Saikolosi	2089	Q9418	Wikipedia
Belaras	2232	Q184	Wikipedia
edukesen	833	Q8434	Wikipedia
Belaras	2232	Q184	Wikipedia
Rasia	3024	Q159	Wikipedia
lo	8651	Q7748	Wikipedia
Mosko	2994	Q649	Wikipedia
1918	6166	Q2094	Wikipedia
1918	6166	Q2094	Wikipedia
1924	6269	Q2173	Wikipedia
Mosko	2994	Q649	Wikipedia
1934	6279	Q18714	Wikipedia
Tok Gris	1935	Q9129	Wikipedia
pilosopi	1933	Q5891	Wikipedia
Gris	832	Q41	Wikipedia
Socrates	6082	Q913	Wikipedia
buk	2132	Q571	Wikipedia
Amerika	1137	Q26290	Wikipedia
Not Amerika	1166	Q49	Wikipedia
Saut Amerika	3042	Q18	Wikipedia
Papua Niugini	613	Q691	Wikipedia
Kerema	1700	Q29382189	Wikipedia
kapitol	1179	Q5119	Wikipedia
Papua Niugini	613	Q691	Wikipedia
Lotu Kristen	850	Q5043	Wikipedia
sios	1912	Q16970	Wikipedia
Beijing	2202	Q956	Wikipedia
Ostrelia	622	Q408	Wikipedia
kapitol	1179	Q5119	Wikipedia
kantri	1890	Q7275	Wikipedia
Tok Saina	9054	Q7850	Wikipedia
kapitol	1179	Q5119	Wikipedia
kantri	1890	Q7275	Wikipedia
Tok Saina	9054	Q7850	Wikipedia
kapitol	1179	Q5119	Wikipedia
kantri	1890	Q7275	Wikipedia
Taiwan	1926	Q22502	Wikipedia
kristen	851	Q106039	Wikipedia
islam	853	Q432	Wikipedia
Jisas	628	Q302	Wikipedia
buk	2132	Q571	Wikipedia
Nupela Testamen	2806	Q18813	Wikipedia
Olpela Testamen	2805	Q19786	Wikipedia
kapitol	1179	Q5119	Wikipedia
kantri	1890	Q7275	Wikipedia
Itali	1633	Q38	Wikipedia
Yurop	1154	Q46	Wikipedia
Tok Hangari	4469	Q9067	Wikipedia
Ostria	2482	Q40	Wikipedia
Slovakia	2487	Q214	Wikipedia
Yukren	2490	Q212	Wikipedia
Romenia	2484	Q218	Wikipedia
Krowesia	7090	Q224	Wikipedia
Slovenia	8222	Q215	Wikipedia
Budapest	4089	Q1781	Wikipedia
Hangari	None	Q28	OpenTapioca
Viktor Orbán	None	Q57641	OpenTapioca
Yurop	1154	Q46	Wikipedia
Kapitol	1179	Q5119	Wikipedia
Yurop	1154	Q46	Wikipedia
Yurop	1154	Q46	Wikipedia
Denmak	2080	Q35	Wikipedia
Oslo	2746	Q585	Wikipedia
Tok Nowe	3043	Q9043	Wikipedia
lotu	840	Q9174	Wikipedia
Papua Niugini	613	Q691	Wikipedia
1819	6304	Q6967	Wikipedia
Iran	8238	Q794	Wikipedia
Suwidan	3686	Q34	Wikipedia
kantri	1890	Q7275	Wikipedia
Yurop	1154	Q46	Wikipedia
Kapitol	1179	Q5119	Wikipedia
Vienna	8702	Q97271358	Wikipedia
kantri	1890	Q7275	Wikipedia
Yurop	1154	Q46	Wikipedia
kantri	1890	Q7275	Wikipedia
Yurop	1154	Q46	Wikipedia
ailan	1117	Q23442	Wikipedia
Yurop	1154	Q46	Wikipedia
kantri	1890	Q7275	Wikipedia
Kapitol	1179	Q5119	Wikipedia
Tok Gris	1935	Q9129	Wikipedia
kantri	1890	Q7275	Wikipedia
Yurop	1154	Q46	Wikipedia
Kapitol	1179	Q5119	Wikipedia
Bratislava	6668	Q1780	Wikipedia
Tok Slovakia	3553	Q9058	Wikipedia
Yurop	1154	Q46	Wikipedia
kapitol	1179	Q5119	Wikipedia
Aislan	1800	Q189	Wikipedia
tokples	1182	Q315	Wikipedia
Aislan	1800	Q189	Wikipedia
Kaukau	None	Q188904	OpenTapioca
aut	None	Q40	OpenTapioca
George Washington Carver	None	Q296898	OpenTapioca
Amerika	None	Q30	OpenTapioca
ken	None	Q1107006	OpenTapioca
ailan	1117	Q23442	Wikipedia
Papua Niugini	613	Q691	Wikipedia
Niugini	1690	Q40285	Wikipedia
Is Niu Briten	1707	Q753702	Wikipedia
Wes Niu Briten	1709	Q667468	Wikipedia
kapitol	1179	Q5119	Wikipedia
Nesenel Kapitol Distrik	1823	Q1378310	Wikipedia
Papua Niugini	613	Q691	Wikipedia
Polan	2483	Q36	Wikipedia
Westen Provins	1688	Q849790	Wikipedia
Papua Niugini	613	Q691	Wikipedia
1975	6135	Q2479	Wikipedia
Siapan	1927	Q17	Wikipedia
Siapan	None	Q17	OpenTapioca
Siapan	1927	Q17	Wikipedia
Siapan	None	Q17	OpenTapioca
Siapan	1927	Q17	Wikipedia
Siapan	None	Q17	OpenTapioca
Siapan	1927	Q17	Wikipedia
Siapan	None	Q17	OpenTapioca
kontinen	1139	Q5107	Wikipedia
kontinen	1139	Q5107	Wikipedia
Aprika	2605	Q15	Wikipedia
kantri	1890	Q7275	Wikipedia
Ijip	2606	Q79	Wikipedia
Aprika	2605	Q15	Wikipedia
kontinen	1139	Q5107	Wikipedia
Aprika	2605	Q15	Wikipedia
Kapitol	1179	Q5119	Wikipedia
Dakar	2609	Q3718	Wikipedia
kapitol	1179	Q5119	Wikipedia
kantri	1890	Q7275	Wikipedia
Senegal	2608	Q1041	Wikipedia
Aprika	2605	Q15	Wikipedia
kantri	1890	Q7275	Wikipedia
Yurop	1154	Q46	Wikipedia
Tour Eiffel	None	Q243	OpenTapioca
Paris	None	Q90	OpenTapioca
Paris	None	Q90	OpenTapioca
Paris	None	Q90	OpenTapioca
Paris	None	Q90	OpenTapioca
Paris	None	Q90	OpenTapioca
cathédrale Notre Dame	None	Q476516	OpenTapioca
kantri	1890	Q7275	Wikipedia
Siapan	1927	Q17	Wikipedia
Esia	1181	Q48	Wikipedia
Yokohama	2612	Q38283	Wikipedia
kantri	1890	Q7275	Wikipedia
Siapan	1927	Q17	Wikipedia
Esia	1181	Q48	Wikipedia
Tokyo	2611	Q1490	Wikipedia
Yokohama	2612	Q38283	Wikipedia
Niu Zilan	None	Q664	OpenTapioca
kantri	1890	Q7275	Wikipedia
Siamani	1160	Q183	Wikipedia
Yurop	1154	Q46	Wikipedia
Polan	2483	Q36	Wikipedia
Kurów	2700	Q2316	Wikipedia
Końskowola	None	Q1959	OpenTapioca
Polan	2483	Q36	Wikipedia
Siamani	1160	Q183	Wikipedia
1918	6166	Q2094	Wikipedia
Siamani	1160	Q183	Wikipedia
Niu Briten	2537	Q59771	Wikipedia
Niu Ailan	1693	Q838690	Wikipedia
Bogenvil	1178	Q18826	Wikipedia
1914	6162	Q2083	Wikipedia
Ostrelia	622	Q408	Wikipedia
1975	6135	Q2479	Wikipedia
Itali	1633	Q38	Wikipedia
Yurop	1154	Q46	Wikipedia
tokples	1182	Q315	Wikipedia
Tok Jeman	2836	Q188	Wikipedia
Papua Niugini	613	Q691	Wikipedia
Niu Briten	2537	Q59771	Wikipedia
Tok Jeman	2836	Q188	Wikipedia
Tok Pisin	625	Q34159	Wikipedia
Siaman Niugini	2630	Q165008	Wikipedia
Is Niu Briten	1707	Q753702	Wikipedia
Polan	2483	Q36	Wikipedia
MP	None	Q16644	OpenTapioca
Solomon Ailans	None	Q685	OpenTapioca
Parliament	None	Q11010	OpenTapioca
MP	None	Q16644	OpenTapioca
Manasseh Sogavare	None	Q536063	OpenTapioca
Fos	None	Q80985	OpenTapioca
Central Guadalcanal	None	Q23641135	OpenTapioca
MP	None	Q16644	OpenTapioca
MP	None	Q16644	OpenTapioca
Peter	None	Q33923	OpenTapioca
dai	None	Q4036979	OpenTapioca
Cook	None	Q26988	OpenTapioca
Sir Thomas Davis	None	Q2429571	OpenTapioca
dai	None	Q4036979	OpenTapioca
Cook Islands	None	Q26988	OpenTapioca
aut	None	Q40	OpenTapioca
Queen	None	Q9682	OpenTapioca
Cook	None	Q26988	OpenTapioca
New Zealand	None	Q664	OpenTapioca
Australia	None	Q408	OpenTapioca
Indonesia	None	Q252	OpenTapioca
Papua Niugini	None	Q691	OpenTapioca
International AIDS Society	None	Q497510	OpenTapioca
Sydney	None	Q3130	OpenTapioca
Robert Daly	None	Q42847166	OpenTapioca
America	None	Q30	OpenTapioca
New Caledonia	None	Q33788	OpenTapioca
New Caledonia	None	Q33788	OpenTapioca
Marie-Noelle Themereau	None	Q3292177	OpenTapioca
aut	None	Q40	OpenTapioca
New Caledonia	None	Q33788	OpenTapioca
France	None	Q142	OpenTapioca
Kongres	None	Q1542985	OpenTapioca
MP	None	Q16644	OpenTapioca
Fiji	None	Q712	OpenTapioca
Fiji	None	Q712	OpenTapioca
Fiji	None	Q712	OpenTapioca
Fiji	None	Q712	OpenTapioca
Fiji	None	Q712	OpenTapioca
Pilipin	None	Q928	OpenTapioca
Itali	None	Q38	OpenTapioca
AT	None	Q40	OpenTapioca
TIME	None	Q43297	OpenTapioca
Mande	821	Q105	Wikipedia
Nowe	2233	Q20	Wikipedia
Baibel	2205	Q1845	Wikipedia
buk	2132	Q571	Wikipedia
Judaisim	855	Q9268	Wikipedia
Lotu Kristen	850	Q5043	Wikipedia
Jisas	628	Q302	Wikipedia
kantri	1890	Q7275	Wikipedia
Yurop	1154	Q46	Wikipedia
Inglan	1153	Q21	Wikipedia
Skotlan	3768	Q22	Wikipedia
Wels	3767	Q25	Wikipedia
Yunaitet Kingdom	3300	Q145	Wikipedia
kantri	1890	Q7275	Wikipedia
ailan	1117	Q23442	Wikipedia
Aialan	1795	Q22890	Wikipedia
Ostrelia	622	Q408	Wikipedia
Not Ailan	9012	Q118863	Wikipedia
Saut Ailan	6858	Q120755	Wikipedia
Welingtan	9006	Q23661	Wikipedia
Oklan	8960	Q37100	Wikipedia
Kapitol	1179	Q5119	Wikipedia
Milen Be	1691	Q874962	Wikipedia
Papua Niugini	613	Q691	Wikipedia
Slovakia	2487	Q214	Wikipedia
Not Amerika	1166	Q49	Wikipedia
Siamani	1160	Q183	Wikipedia
Sofia	2889	Q472	Wikipedia
Tok Balgeria	3555	Q7918	Wikipedia
kapitol	1179	Q5119	Wikipedia
kantri	1890	Q7275	Wikipedia
Balgeria	2888	Q219	Wikipedia
2008	6816	Q2004	Wikipedia
Estonia	1651	Q191	Wikipedia
Rasia	3024	Q159	Wikipedia
Spen	1161	Q29	Wikipedia
Romenia	2484	Q218	Wikipedia
Beljiam	1817	Q31	Wikipedia
tokples	1182	Q315	Wikipedia
Spen	1161	Q29	Wikipedia
Polan	2483	Q36	Wikipedia
kantri	1890	Q7275	Wikipedia
Yurop	1154	Q46	Wikipedia
Esia	1181	Q48	Wikipedia
kantri	1890	Q7275	Wikipedia
Frens	836	Q142	Wikipedia
Aprika	2605	Q15	Wikipedia
Saut Amerika	None	Q18	OpenTapioca
kontinen	1139	Q5107	Wikipedia
Amerika	1137	Q26290	Wikipedia
Not Amerika	1166	Q49	Wikipedia
Sentrel Amerika	2134	Q27611	Wikipedia
Nowe	2233	Q20	Wikipedia
Yurop	1154	Q46	Wikipedia
tokples	1182	Q315	Wikipedia
Albenia	3146	Q222	Wikipedia
Yurop	1154	Q46	Wikipedia
Tok Pisin	625	Q34159	Wikipedia
Esia	1181	Q48	Wikipedia
Yelo	3623	Q29537153	Wikipedia
kantri	1890	Q7275	Wikipedia
Yurop	1154	Q46	Wikipedia
Papua Niugini	613	Q691	Wikipedia
1971	6068	Q2475	Wikipedia
kumul	4512	Q179333	Wikipedia
Siaman Niugini	2630	Q165008	Wikipedia
Papua Niugini	None	Q691	OpenTapioca
Papua Niugini	613	Q691	Wikipedia
kumul	4512	Q179333	Wikipedia
Bikpela Briten	1796	Q23666	Wikipedia
Aialan	1795	Q22890	Wikipedia
Yurop	1154	Q46	Wikipedia
Iran	8238	Q794	Wikipedia
Pesia	None	Q24696232	OpenTapioca
o i	None	Q11902420	OpenTapioca
Amerika	1137	Q26290	Wikipedia
Esia	1181	Q48	Wikipedia
Aprika	2605	Q15	Wikipedia
Ostrelia	622	Q408	Wikipedia
aut	None	Q40	OpenTapioca
Spen	1161	Q29	Wikipedia
Soria	3525	Q12155	Wikipedia
Spen	1161	Q29	Wikipedia
Spen	1161	Q29	Wikipedia
Spen	1161	Q29	Wikipedia
Spen	1161	Q29	Wikipedia
Spen	1161	Q29	Wikipedia
Spen	1161	Q29	Wikipedia
Spen	1161	Q29	Wikipedia
Spen	1161	Q29	Wikipedia
Spen	1161	Q29	Wikipedia
Spen	1161	Q29	Wikipedia
Spen	1161	Q29	Wikipedia
Spen	1161	Q29	Wikipedia
Spen	1161	Q29	Wikipedia
Spen	1161	Q29	Wikipedia
Spen	1161	Q29	Wikipedia
Spen	1161	Q29	Wikipedia
Spen	1161	Q29	Wikipedia
Spen	1161	Q29	Wikipedia
Spen	1161	Q29	Wikipedia
Spen	1161	Q29	Wikipedia
Spen	1161	Q29	Wikipedia
Spen	1161	Q29	Wikipedia
Spen	1161	Q29	Wikipedia
Spen	1161	Q29	Wikipedia
Spen	1161	Q29	Wikipedia
Spen	1161	Q29	Wikipedia
Spen	1161	Q29	Wikipedia
Spen	1161	Q29	Wikipedia
Spen	1161	Q29	Wikipedia
Spen	1161	Q29	Wikipedia
Spen	1161	Q29	Wikipedia
Spen	1161	Q29	Wikipedia
Spen	1161	Q29	Wikipedia
Spen	1161	Q29	Wikipedia
Spen	1161	Q29	Wikipedia
Spen	1161	Q29	Wikipedia
Spen	1161	Q29	Wikipedia
Spen	1161	Q29	Wikipedia
Spen	1161	Q29	Wikipedia
Spen	1161	Q29	Wikipedia
Spen	1161	Q29	Wikipedia
Spen	1161	Q29	Wikipedia
Spen	1161	Q29	Wikipedia
Spen	1161	Q29	Wikipedia
Spen	1161	Q29	Wikipedia
Spen	1161	Q29	Wikipedia
Spen	1161	Q29	Wikipedia
Spen	1161	Q29	Wikipedia
Spen	1161	Q29	Wikipedia
Spen	1161	Q29	Wikipedia
Spen	1161	Q29	Wikipedia
Spen	1161	Q29	Wikipedia
Spen	1161	Q29	Wikipedia
Spen	1161	Q29	Wikipedia
Spen	1161	Q29	Wikipedia
Spen	1161	Q29	Wikipedia
Spen	1161	Q29	Wikipedia
Spen	1161	Q29	Wikipedia
Spen	1161	Q29	Wikipedia
Spen	1161	Q29	Wikipedia
Spen	1161	Q29	Wikipedia
Spen	1161	Q29	Wikipedia
Spen	1161	Q29	Wikipedia
Spen	1161	Q29	Wikipedia
Spen	1161	Q29	Wikipedia
Spen	1161	Q29	Wikipedia
Spen	1161	Q29	Wikipedia
Spen	1161	Q29	Wikipedia
Spen	1161	Q29	Wikipedia
Spen	1161	Q29	Wikipedia
Spen	1161	Q29	Wikipedia
Spen	1161	Q29	Wikipedia
Spen	1161	Q29	Wikipedia
Spen	1161	Q29	Wikipedia
Spen	1161	Q29	Wikipedia
Spen	1161	Q29	Wikipedia
Spen	1161	Q29	Wikipedia
Spen	1161	Q29	Wikipedia
Spen	1161	Q29	Wikipedia
Spen	1161	Q29	Wikipedia
Spen	1161	Q29	Wikipedia
Spen	1161	Q29	Wikipedia
Spen	1161	Q29	Wikipedia
Spen	1161	Q29	Wikipedia
Spen	1161	Q29	Wikipedia
Spen	1161	Q29	Wikipedia
Spen	1161	Q29	Wikipedia
Spen	1161	Q29	Wikipedia
Spen	1161	Q29	Wikipedia
Spen	1161	Q29	Wikipedia
Spen	1161	Q29	Wikipedia
Spen	1161	Q29	Wikipedia
Spen	1161	Q29	Wikipedia
Spen	1161	Q29	Wikipedia
Spen	1161	Q29	Wikipedia
Spen	1161	Q29	Wikipedia
Spen	1161	Q29	Wikipedia
Spen	1161	Q29	Wikipedia
Spen	1161	Q29	Wikipedia
Spen	1161	Q29	Wikipedia
Spen	1161	Q29	Wikipedia
Spen	1161	Q29	Wikipedia
Spen	1161	Q29	Wikipedia
Spen	1161	Q29	Wikipedia
Spen	1161	Q29	Wikipedia
Spen	1161	Q29	Wikipedia
Spen	1161	Q29	Wikipedia
Spen	1161	Q29	Wikipedia
Spen	1161	Q29	Wikipedia
Spen	1161	Q29	Wikipedia
Spen	1161	Q29	Wikipedia
Spen	1161	Q29	Wikipedia
Spen	1161	Q29	Wikipedia
Spen	1161	Q29	Wikipedia
Spen	1161	Q29	Wikipedia
Spen	1161	Q29	Wikipedia
Spen	1161	Q29	Wikipedia
Spen	1161	Q29	Wikipedia
Spen	1161	Q29	Wikipedia
Spen	1161	Q29	Wikipedia
Spen	1161	Q29	Wikipedia
Spen	1161	Q29	Wikipedia
Spen	1161	Q29	Wikipedia
Spen	1161	Q29	Wikipedia
Spen	1161	Q29	Wikipedia
Spen	1161	Q29	Wikipedia
Spen	1161	Q29	Wikipedia
Spen	1161	Q29	Wikipedia
Spen	1161	Q29	Wikipedia
Spen	1161	Q29	Wikipedia
Spen	1161	Q29	Wikipedia
Spen	1161	Q29	Wikipedia
Spen	1161	Q29	Wikipedia
Spen	1161	Q29	Wikipedia
Spen	1161	Q29	Wikipedia
Spen	1161	Q29	Wikipedia
Spen	1161	Q29	Wikipedia
Spen	1161	Q29	Wikipedia
Spen	1161	Q29	Wikipedia
Spen	1161	Q29	Wikipedia
Spen	1161	Q29	Wikipedia
Spen	1161	Q29	Wikipedia
Spen	1161	Q29	Wikipedia
Spen	1161	Q29	Wikipedia
Spen	1161	Q29	Wikipedia
Spen	1161	Q29	Wikipedia
Spen	1161	Q29	Wikipedia
Spen	1161	Q29	Wikipedia
Spen	1161	Q29	Wikipedia
Spen	1161	Q29	Wikipedia
Spen	1161	Q29	Wikipedia
Spen	1161	Q29	Wikipedia
Spen	1161	Q29	Wikipedia
Spen	1161	Q29	Wikipedia
Spen	1161	Q29	Wikipedia
Spen	1161	Q29	Wikipedia
Spen	1161	Q29	Wikipedia
Spen	1161	Q29	Wikipedia
Spen	1161	Q29	Wikipedia
Spen	1161	Q29	Wikipedia
Spen	1161	Q29	Wikipedia
Spen	1161	Q29	Wikipedia
Spen	1161	Q29	Wikipedia
Spen	1161	Q29	Wikipedia
Spen	1161	Q29	Wikipedia
Spen	1161	Q29	Wikipedia
Spen	1161	Q29	Wikipedia
Spen	1161	Q29	Wikipedia
Spen	1161	Q29	Wikipedia
Spen	1161	Q29	Wikipedia
Spen	1161	Q29	Wikipedia
Spen	1161	Q29	Wikipedia
Spen	1161	Q29	Wikipedia
Spen	1161	Q29	Wikipedia
Spen	1161	Q29	Wikipedia
Spen	1161	Q29	Wikipedia
Spen	1161	Q29	Wikipedia
Spen	1161	Q29	Wikipedia
Spen	1161	Q29	Wikipedia
Spen	1161	Q29	Wikipedia
Spen	1161	Q29	Wikipedia
Rasia	3024	Q159	Wikipedia
Tok	None	Q1776507	OpenTapioca
Rasia	None	Q159	OpenTapioca
Indo-Yuropien famili bilong tokples	1955	Q19860	Wikipedia
Slovakia	2487	Q214	Wikipedia
Lituwenia	1649	Q37	Wikipedia
Balgeria	2888	Q219	Wikipedia
Denmak	2080	Q35	Wikipedia
Sarere	847	Q131	Wikipedia
Sentrel Amerika	2134	Q27611	Wikipedia
biodaivesiti	8646	Q47041	Wikipedia
slip kapul	8840	Q97271347	Wikipedia
Kolambia	8259	Q739	Wikipedia
demokrasi	8647	Q65451243	Wikipedia
Tok Jeman	2836	Q188	Wikipedia
Tok Denmak	3556	Q9035	Wikipedia
Tok Nowe	3043	Q9043	Wikipedia
Momon	None	Q20047332	OpenTapioca
Baibel	2205	Q1845	Wikipedia
Spen	1161	Q29	Wikipedia
min	None	Q52239036	OpenTapioca
Aprika	2605	Q15	Wikipedia
Yurop	1154	Q46	Wikipedia
Esia	1181	Q48	Wikipedia
Yurop	1154	Q46	Wikipedia
Stockholm	2425	Q1754	Wikipedia
kapitol	1179	Q5119	Wikipedia
kantri	1890	Q7275	Wikipedia
Yurop	1154	Q46	Wikipedia
Aprika	2605	Q15	Wikipedia
Freetown	6986	Q3780	Wikipedia
kantri	1890	Q7275	Wikipedia
Yurop	1154	Q46	Wikipedia
Inglan	1153	Q21	Wikipedia
Skotlan	3768	Q22	Wikipedia
Yunaitet Kingdom	3300	Q145	Wikipedia
kantri	1890	Q7275	Wikipedia
Yurop	1154	Q46	Wikipedia
Inglan	1153	Q21	Wikipedia
Wels	3767	Q25	Wikipedia
Yunaitet Kingdom	3300	Q145	Wikipedia
tokples	1182	Q315	Wikipedia
Vanuatu	1129	Q686	Wikipedia
Tok Pisin	625	Q34159	Wikipedia
Papua Niugini	613	Q691	Wikipedia
kantri	1890	Q7275	Wikipedia
Siamani	1160	Q183	Wikipedia
Yurop	1154	Q46	Wikipedia
1999	2812	Q2091	Wikipedia
kantri	1890	Q7275	Wikipedia
Siamani	1160	Q183	Wikipedia
Yurop	1154	Q46	Wikipedia
kantri	1890	Q7275	Wikipedia
Esia	1181	Q48	Wikipedia
Tokples	1182	Q315	Wikipedia
Kapitol	1179	Q5119	Wikipedia
Polan	2483	Q36	Wikipedia
antropolosi	1932	Q23404	Wikipedia
histori	1939	Q309	Wikipedia
sosiolosi	2087	Q21201	Wikipedia
save long laip	5823	Q420	Wikipedia
kemistri	8655	Q2329	Wikipedia
Tok Gris	1935	Q9129	Wikipedia
Ostrelia	622	Q408	Wikipedia
kapitol	1179	Q5119	Wikipedia
kantri	1890	Q7275	Wikipedia
gavman	2057	Q7188	Wikipedia
Yunaitet Kingdom	3300	Q145	Wikipedia
kapitol	1179	Q5119	Wikipedia
kantri	1890	Q7275	Wikipedia
gavman	2057	Q7188	Wikipedia
Frens	836	Q142	Wikipedia
2007	2745	Q2024	Wikipedia
1955	6052	Q18577	Wikipedia
Nauru	2227	Q697	Wikipedia
2007	2745	Q2024	Wikipedia
1969	6066	Q2485	Wikipedia
Papua Niugini	613	Q691	Wikipedia
1975	6135	Q2479	Wikipedia
1980	6140	Q2439	Wikipedia
1982	6142	Q2436	Wikipedia
1985	6145	Q2431	Wikipedia
2002	2811	Q1987	Wikipedia
1936	6281	Q18649	Wikipedia
Nesenel Alains Pati	6860	Q1313018	Wikipedia
Ostrelia	622	Q408	Wikipedia
2007	2745	Q2024	Wikipedia
1957	6054	Q5311	Wikipedia
Niu Silan	2808	Q664	Wikipedia
1999	2812	Q2091	Wikipedia
2002	2811	Q1987	Wikipedia
2005	1124	Q2019	Wikipedia
1950	6044	Q18597	Wikipedia
Tuvalu	2226	Q672	Wikipedia
2007	2745	Q2024	Wikipedia
2007	2745	Q2024	Wikipedia
1959	6056	Q5302	Wikipedia
Yunaitet Kingdom	3300	Q145	Wikipedia
2007	2745	Q2024	Wikipedia
1951	6048	Q18591	Wikipedia
Spen	1161	Q29	Wikipedia
Spen	1161	Q29	Wikipedia
Spen	1161	Q29	Wikipedia
Spen	1161	Q29	Wikipedia
Spen	1161	Q29	Wikipedia
Spen	1161	Q29	Wikipedia
Spen	1161	Q29	Wikipedia
Spen	1161	Q29	Wikipedia
Spen	1161	Q29	Wikipedia
Spen	1161	Q29	Wikipedia
Spen	1161	Q29	Wikipedia
Spen	1161	Q29	Wikipedia
Spen	1161	Q29	Wikipedia
Spen	1161	Q29	Wikipedia
Spen	1161	Q29	Wikipedia
Spen	1161	Q29	Wikipedia
Spen	1161	Q29	Wikipedia
Spen	1161	Q29	Wikipedia
Spen	1161	Q29	Wikipedia
Spen	1161	Q29	Wikipedia
Spen	1161	Q29	Wikipedia
Spen	1161	Q29	Wikipedia
Spen	1161	Q29	Wikipedia
Spen	1161	Q29	Wikipedia
Spen	1161	Q29	Wikipedia
Spen	1161	Q29	Wikipedia
Spen	1161	Q29	Wikipedia
Spen	1161	Q29	Wikipedia
Spen	1161	Q29	Wikipedia
Spen	1161	Q29	Wikipedia
Spen	1161	Q29	Wikipedia
Spen	1161	Q29	Wikipedia
Spen	1161	Q29	Wikipedia
Spen	1161	Q29	Wikipedia
Spen	1161	Q29	Wikipedia
Spen	1161	Q29	Wikipedia
Spen	1161	Q29	Wikipedia
Spen	1161	Q29	Wikipedia
Spen	1161	Q29	Wikipedia
Spen	1161	Q29	Wikipedia
Spen	1161	Q29	Wikipedia
Spen	1161	Q29	Wikipedia
Spen	1161	Q29	Wikipedia
Spen	1161	Q29	Wikipedia
Spen	1161	Q29	Wikipedia
Spen	1161	Q29	Wikipedia
Spen	1161	Q29	Wikipedia
Spen	1161	Q29	Wikipedia
Spen	1161	Q29	Wikipedia
Spen	1161	Q29	Wikipedia
Spen	1161	Q29	Wikipedia
Spen	1161	Q29	Wikipedia
Spen	1161	Q29	Wikipedia
Spen	1161	Q29	Wikipedia
Spen	1161	Q29	Wikipedia
Spen	1161	Q29	Wikipedia
Spen	1161	Q29	Wikipedia
Spen	1161	Q29	Wikipedia
Spen	1161	Q29	Wikipedia
Spen	1161	Q29	Wikipedia
Spen	1161	Q29	Wikipedia
Spen	1161	Q29	Wikipedia
Spen	1161	Q29	Wikipedia
Spen	1161	Q29	Wikipedia
Spen	1161	Q29	Wikipedia
Spen	1161	Q29	Wikipedia
Spen	1161	Q29	Wikipedia
Spen	1161	Q29	Wikipedia
Spen	1161	Q29	Wikipedia
Spen	1161	Q29	Wikipedia
Spen	1161	Q29	Wikipedia
Spen	1161	Q29	Wikipedia
Spen	1161	Q29	Wikipedia
Spen	1161	Q29	Wikipedia
Spen	1161	Q29	Wikipedia
Spen	1161	Q29	Wikipedia
Spen	1161	Q29	Wikipedia
Spen	1161	Q29	Wikipedia
Spen	1161	Q29	Wikipedia
Spen	1161	Q29	Wikipedia
Spen	1161	Q29	Wikipedia
Spen	1161	Q29	Wikipedia
Spen	1161	Q29	Wikipedia
Spen	1161	Q29	Wikipedia
Spen	1161	Q29	Wikipedia
Spen	1161	Q29	Wikipedia
Spen	1161	Q29	Wikipedia
Spen	1161	Q29	Wikipedia
Spen	1161	Q29	Wikipedia
Spen	1161	Q29	Wikipedia
Spen	1161	Q29	Wikipedia
Spen	1161	Q29	Wikipedia
Spen	1161	Q29	Wikipedia
Spen	1161	Q29	Wikipedia
Spen	1161	Q29	Wikipedia
Spen	1161	Q29	Wikipedia
Spen	1161	Q29	Wikipedia
Spen	1161	Q29	Wikipedia
Spen	1161	Q29	Wikipedia
Spen	1161	Q29	Wikipedia
Spen	1161	Q29	Wikipedia
Spen	1161	Q29	Wikipedia
Spen	1161	Q29	Wikipedia
Spen	1161	Q29	Wikipedia
Spen	1161	Q29	Wikipedia
Spen	1161	Q29	Wikipedia
Spen	1161	Q29	Wikipedia
Spen	1161	Q29	Wikipedia
Spen	1161	Q29	Wikipedia
Spen	1161	Q29	Wikipedia
Spen	1161	Q29	Wikipedia
Spen	1161	Q29	Wikipedia
Spen	1161	Q29	Wikipedia
Spen	1161	Q29	Wikipedia
Spen	1161	Q29	Wikipedia
Spen	1161	Q29	Wikipedia
Spen	1161	Q29	Wikipedia
Spen	1161	Q29	Wikipedia
Spen	1161	Q29	Wikipedia
Spen	1161	Q29	Wikipedia
Spen	1161	Q29	Wikipedia
Spen	1161	Q29	Wikipedia
Spen	1161	Q29	Wikipedia
Spen	1161	Q29	Wikipedia
Spen	1161	Q29	Wikipedia
Spen	1161	Q29	Wikipedia
Spen	1161	Q29	Wikipedia
Spen	1161	Q29	Wikipedia
Spen	1161	Q29	Wikipedia
Spen	1161	Q29	Wikipedia
Spen	1161	Q29	Wikipedia
Spen	1161	Q29	Wikipedia
Spen	1161	Q29	Wikipedia
Spen	1161	Q29	Wikipedia
Spen	1161	Q29	Wikipedia
Spen	1161	Q29	Wikipedia
Spen	1161	Q29	Wikipedia
Spen	1161	Q29	Wikipedia
Spen	1161	Q29	Wikipedia
Spen	1161	Q29	Wikipedia
Spen	1161	Q29	Wikipedia
Spen	1161	Q29	Wikipedia
Spen	1161	Q29	Wikipedia
Spen	1161	Q29	Wikipedia
Spen	1161	Q29	Wikipedia
Spen	1161	Q29	Wikipedia
Spen	1161	Q29	Wikipedia
Spen	1161	Q29	Wikipedia
Spen	1161	Q29	Wikipedia
Spen	1161	Q29	Wikipedia
Spen	1161	Q29	Wikipedia
Spen	1161	Q29	Wikipedia
Spen	1161	Q29	Wikipedia
Spen	1161	Q29	Wikipedia
Spen	1161	Q29	Wikipedia
Spen	1161	Q29	Wikipedia
Spen	1161	Q29	Wikipedia
Spen	1161	Q29	Wikipedia
Spen	1161	Q29	Wikipedia
Spen	1161	Q29	Wikipedia
Spen	1161	Q29	Wikipedia
Spen	1161	Q29	Wikipedia
Spen	1161	Q29	Wikipedia
Spen	1161	Q29	Wikipedia
Spen	1161	Q29	Wikipedia
Spen	1161	Q29	Wikipedia
Spen	1161	Q29	Wikipedia
Spen	1161	Q29	Wikipedia
Spen	1161	Q29	Wikipedia
Spen	1161	Q29	Wikipedia
Spen	1161	Q29	Wikipedia
Spen	1161	Q29	Wikipedia
Spen	1161	Q29	Wikipedia
Spen	1161	Q29	Wikipedia
Spen	1161	Q29	Wikipedia
Spen	1161	Q29	Wikipedia
Spen	1161	Q29	Wikipedia
Spen	1161	Q29	Wikipedia
Spen	1161	Q29	Wikipedia
Spen	1161	Q29	Wikipedia
Spen	1161	Q29	Wikipedia
Spen	1161	Q29	Wikipedia
Spen	1161	Q29	Wikipedia
Spen	1161	Q29	Wikipedia
Spen	1161	Q29	Wikipedia
Spen	1161	Q29	Wikipedia
Spen	1161	Q29	Wikipedia
Spen	1161	Q29	Wikipedia
Spen	1161	Q29	Wikipedia
Spen	1161	Q29	Wikipedia
Spen	1161	Q29	Wikipedia
Spen	1161	Q29	Wikipedia
Spen	1161	Q29	Wikipedia
Spen	1161	Q29	Wikipedia
Spen	1161	Q29	Wikipedia
Spen	1161	Q29	Wikipedia
Spen	1161	Q29	Wikipedia
Spen	1161	Q29	Wikipedia
Spen	1161	Q29	Wikipedia
Spen	1161	Q29	Wikipedia
Spen	1161	Q29	Wikipedia
Spen	1161	Q29	Wikipedia
Spen	1161	Q29	Wikipedia
Spen	1161	Q29	Wikipedia
Spen	1161	Q29	Wikipedia
Spen	1161	Q29	Wikipedia
Spen	1161	Q29	Wikipedia
Spen	1161	Q29	Wikipedia
Spen	1161	Q29	Wikipedia
Spen	1161	Q29	Wikipedia
Spen	1161	Q29	Wikipedia
Spen	1161	Q29	Wikipedia
Spen	1161	Q29	Wikipedia
Spen	1161	Q29	Wikipedia
Spen	1161	Q29	Wikipedia
Spen	1161	Q29	Wikipedia
Spen	1161	Q29	Wikipedia
Spen	1161	Q29	Wikipedia
Spen	1161	Q29	Wikipedia
Spen	1161	Q29	Wikipedia
Spen	1161	Q29	Wikipedia
Spen	1161	Q29	Wikipedia
Spen	1161	Q29	Wikipedia
Spen	1161	Q29	Wikipedia
Spen	1161	Q29	Wikipedia
Spen	1161	Q29	Wikipedia
Spen	1161	Q29	Wikipedia
Spen	1161	Q29	Wikipedia
Spen	1161	Q29	Wikipedia
Spen	1161	Q29	Wikipedia
Ol Yunaitet Stet	1140	Q30	Wikipedia
Vanuatu	1129	Q686	Wikipedia
2004	1146	Q2014	Wikipedia
1951	6048	Q18591	Wikipedia
Papua Niugini	613	Q691	Wikipedia
Ostrelia	622	Q408	Wikipedia
Niu Silan	2808	Q664	Wikipedia
Tuvalu	2226	Q672	Wikipedia
Kanada	1913	Q16	Wikipedia
1952	6049	Q5272	Wikipedia
Hangari	2223	Q28	Wikipedia
Budapest	4089	Q1781	Wikipedia
kapitol	1179	Q5119	Wikipedia
Hangari	2223	Q28	Wikipedia
Siamani	1160	Q183	Wikipedia
Brocberge	None	Q159095	OpenTapioca
Spen	1161	Q29	Wikipedia
Spen	1161	Q29	Wikipedia
Spen	1161	Q29	Wikipedia
Spen	1161	Q29	Wikipedia
Spen	1161	Q29	Wikipedia
Spen	1161	Q29	Wikipedia
Spen	1161	Q29	Wikipedia
Spen	1161	Q29	Wikipedia
Spen	1161	Q29	Wikipedia
Spen	1161	Q29	Wikipedia
Spen	1161	Q29	Wikipedia
Spen	1161	Q29	Wikipedia
Spen	1161	Q29	Wikipedia
Spen	1161	Q29	Wikipedia
Spen	1161	Q29	Wikipedia
Spen	1161	Q29	Wikipedia
Brasil	8256	Q155	Wikipedia
kapitol	1179	Q5119	Wikipedia
stet	1141	Q107390	Wikipedia
1948	6039	Q5165	Wikipedia
mas	None	Q585956	OpenTapioca
oda	None	Q180516	OpenTapioca
gen	None	Q5555008	OpenTapioca
mas	None	Q585956	OpenTapioca
wei	None	Q30121	OpenTapioca
wei	None	Q30121	OpenTapioca
kala	None	Q11228359	OpenTapioca
hap	None	Q97656929	OpenTapioca
kam	None	Q740445	OpenTapioca
mas	None	Q585956	OpenTapioca
mas	None	Q585956	OpenTapioca
wei	None	Q30121	OpenTapioca
yumi	None	Q11255596	OpenTapioca
yumi	None	Q11255596	OpenTapioca
yumi	None	Q11255596	OpenTapioca
yumi	None	Q11255596	OpenTapioca
yumi	None	Q11255596	OpenTapioca
yumi	None	Q11255596	OpenTapioca
kam	None	Q740445	OpenTapioca
yumi	None	Q11255596	OpenTapioca
yumi	None	Q11255596	OpenTapioca
wol	None	Q42329	OpenTapioca
Saut Ailan	6858	Q120755	Wikipedia
Niu Silan	2808	Q664	Wikipedia
Saut Ailan	6858	Q120755	Wikipedia
Niu Silan	2808	Q664	Wikipedia
Siamani	1160	Q183	Wikipedia
aut	None	Q40	OpenTapioca
Tok Spen	2999	Q1321	Wikipedia
Osenia	1794	Q538	Wikipedia
Ostrelia	622	Q408	Wikipedia
Ol Yunaitet Stet	1140	Q30	Wikipedia
1961	6058	Q3696	Wikipedia
kantri	1890	Q7275	Wikipedia
Siamani	1160	Q183	Wikipedia
Yurop	1154	Q46	Wikipedia
Siamani	1160	Q183	Wikipedia
Yurop	1154	Q46	Wikipedia
Auckland	None	Q37100	OpenTapioca
Auckland	None	Q37100	OpenTapioca
New Zealand	None	Q664	OpenTapioca
Katolik	None	Q9592	OpenTapioca
New Zealand	None	Q664	OpenTapioca
Cambridge International Examinations	None	Q1028304	OpenTapioca
Sir Michael Fay	None	Q1927409	OpenTapioca
Skul	None	Q1000927	OpenTapioca
Auckland	None	Q37100	OpenTapioca
Wikimedia Commons	None	Q565	OpenTapioca
Wikimedia Foundation	None	Q180	OpenTapioca
planet	1121	Q634	Wikipedia
Hangari	2223	Q28	Wikipedia
Vietnam	4768	Q881	Wikipedia
Niugini	1690	Q40285	Wikipedia
Ostrelia	622	Q408	Wikipedia
kapitol	1179	Q5119	Wikipedia
Lituwenia	1649	Q37	Wikipedia
Papua Niugini	613	Q691	Wikipedia
Bogenvil	1178	Q18826	Wikipedia
Tok Saina	9054	Q7850	Wikipedia
Platon	2100	Q859	Wikipedia
Ostrelia	622	Q408	Wikipedia
Siapan	1927	Q17	Wikipedia
Amerika	1137	Q26290	Wikipedia
Ostrelia	622	Q408	Wikipedia
Koria	819	Q18097	Wikipedia
Yurop	None	Q46	OpenTapioca
Yurop	None	Q46	OpenTapioca
Yurop	None	Q46	OpenTapioca
PNG	None	Q691	OpenTapioca
Amerika	1137	Q26290	Wikipedia
Ostrelia	622	Q408	Wikipedia
Papua Niugini	613	Q691	Wikipedia
yumi	None	Q11255596	OpenTapioca
yumi	None	Q11255596	OpenTapioca
yumi	None	Q11255596	OpenTapioca
PNG	None	Q691	OpenTapioca
PNG	None	Q691	OpenTapioca
Februeri	1132	Q109	Wikipedia
1989	6038	Q2425	Wikipedia
Niu Yok Siti	4582	Q60	Wikipedia
Esia	1181	Q48	Wikipedia
Ho Chi Minh City	4769	Q1854	Wikipedia
Tok Vietnam	7263	Q9199	Wikipedia
Vietnam	None	Q881	OpenTapioca
Ho Chi Minh City	4769	Q1854	Wikipedia
Nha Trang	7257	Q19491	Wikipedia
Đồng Hới	4471	Q1877	Wikipedia
Vietnam	4768	Q881	Wikipedia
Tok Vietnam	7263	Q9199	Wikipedia
Ho Chi Minh City	None	Q1854	OpenTapioca
Spen	1161	Q29	Wikipedia
Spen	1161	Q29	Wikipedia
1981	6141	Q2437	Wikipedia
Spen	1161	Q29	Wikipedia
kantri	1890	Q7275	Wikipedia
Esia	1181	Q48	Wikipedia
Kapitol	1179	Q5119	Wikipedia
kapitol	1179	Q5119	Wikipedia
Kanada	1913	Q16	Wikipedia
gavman	2057	Q7188	Wikipedia
diwai	7253	Q10884	Wikipedia
sayor	6023	Q756	Wikipedia
abus	6864	Q729	Wikipedia
India	1175	Q668	Wikipedia
Sri Lanka	8242	Q854	Wikipedia
Teki	3675	Q43	Wikipedia
Food and Agriculture Organization	None	Q82151	OpenTapioca
FAO	None	Q82151	OpenTapioca
United Nations	None	Q1065	OpenTapioca
Intanet	1120	Q75	Wikipedia
Osenia	1794	Q538	Wikipedia
kapitol	1179	Q5119	Wikipedia
Is Niu Briten	1707	Q753702	Wikipedia
Papua Niugini	613	Q691	Wikipedia
Papua Niugini	613	Q691	Wikipedia
Kapitol	1179	Q5119	Wikipedia
Kerema	1700	Q29382189	Wikipedia
Kerema Distrik	2142	Q1776146	Wikipedia
Papua Niugini	613	Q691	Wikipedia
Sandaun	1679	Q753689	Wikipedia
kapitol	1179	Q5119	Wikipedia
Irak	627	Q796	Wikipedia
Papua Niugini	613	Q691	Wikipedia
Brasil	8256	Q155	Wikipedia
Fonde	845	Q129	Wikipedia
Mande	821	Q105	Wikipedia
Trinde	844	Q128	Wikipedia
Mande	821	Q105	Wikipedia
Vietnam	4768	Q881	Wikipedia
Tok Gris	1935	Q9129	Wikipedia
Gris	832	Q41	Wikipedia
tokples	1182	Q315	Wikipedia
Siapan	1927	Q17	Wikipedia
Siapan	1927	Q17	Wikipedia
1999	2812	Q2091	Wikipedia
Tokples Siapan	6103	Q5287	Wikipedia
Siapan	1927	Q17	Wikipedia
1999	2812	Q2091	Wikipedia
Siapan	None	Q17	OpenTapioca
千代に八千代に	None	Q328651	OpenTapioca
Siapan	1927	Q17	Wikipedia
Tokples Siapan	6103	Q5287	Wikipedia
mani	1128	Q1368	Wikipedia
Siapan	1927	Q17	Wikipedia
Spen	1161	Q29	Wikipedia
Spen	1161	Q29	Wikipedia
Mas	823	Q110	Wikipedia
1949	6043	Q5188	Wikipedia
Rasia	3024	Q159	Wikipedia
Vanuatu	1129	Q686	Wikipedia
Bislama	3770	Q35452	Wikipedia
Estonia	1651	Q191	Wikipedia
Papua Niugini	613	Q691	Wikipedia
Yurop	1154	Q46	Wikipedia
Siamani	1160	Q183	Wikipedia
Polan	2483	Q36	Wikipedia
Ostria	2482	Q40	Wikipedia
Slovakia	2487	Q214	Wikipedia
kapitol	1179	Q5119	Wikipedia
Latvia	1650	Q211	Wikipedia
Osenia	1794	Q538	Wikipedia
kapitol	1179	Q5119	Wikipedia
Samoa	6566	Q683	Wikipedia
gavman	2057	Q7188	Wikipedia
Tok Koria	7902	Q9176	Wikipedia
Morobe	1685	Q853664	Wikipedia
Oro	1713	Q753686	Wikipedia
Papua Niugini	613	Q691	Wikipedia
Ronald Wilson Reagan	None	Q9960	OpenTapioca
Amerika	None	Q30	OpenTapioca
Ronald Reagan	None	Q9960	OpenTapioca
Jack Reagan	None	Q6114763	OpenTapioca
Nelle Wilson Reagan	None	Q6990072	OpenTapioca
Reagan	None	Q9960	OpenTapioca
Esia	1181	Q48	Wikipedia
Aprika	2605	Q15	Wikipedia
Samoa	6566	Q683	Wikipedia
1949	6043	Q5188	Wikipedia
Sentral Provins	1716	Q874942	Wikipedia
Saut Koria	1799	Q884	Wikipedia
1948	6039	Q5165	Wikipedia
Saut Koria	None	Q884	OpenTapioca
mani	1128	Q1368	Wikipedia
Papua Niugini	613	Q691	Wikipedia
Pangu Pati	None	Q2007531	OpenTapioca
Papua	None	Q691	OpenTapioca
Niugini	None	Q40285	OpenTapioca
Union	None	Q458	OpenTapioca
Papua Niugini	None	Q691	OpenTapioca
Michael Somare	3796	Q316264	Wikipedia
1968	6065	Q2644	Wikipedia
kantri	1890	Q7275	Wikipedia
1972	6069	Q2476	Wikipedia
1985	6145	Q2431	Wikipedia
1988	6148	Q2426	Wikipedia
Nesenel Alains Pati	6860	Q1313018	Wikipedia
2002	2811	Q1987	Wikipedia
1970	6067	Q2474	Wikipedia
Romenia	2484	Q218	Wikipedia
1989	6038	Q2425	Wikipedia
Vanuatu	1129	Q686	Wikipedia
1980	6140	Q2439	Wikipedia
Albenia	3146	Q222	Wikipedia
1992	2819	Q2060	Wikipedia
Kanada	1913	Q16	Wikipedia
1965	6062	Q2650	Wikipedia
Pinlan	1802	Q33	Wikipedia
1920	6168	Q2155	Wikipedia
Nowe	2233	Q20	Wikipedia
Ostrelia	622	Q408	Wikipedia
Osenia	1794	Q538	Wikipedia
Fiji	None	Q712	OpenTapioca
BC	None	Q1974	OpenTapioca
Slovakia	2487	Q214	Wikipedia
Bratislava	None	Q1780	OpenTapioca
Suwisalan	3687	Q39	Wikipedia
kapitol	1179	Q5119	Wikipedia
kantri	1890	Q7275	Wikipedia
gavman	2057	Q7188	Wikipedia
Nauru	2227	Q697	Wikipedia
1968	6065	Q2644	Wikipedia
Papua Niugini	613	Q691	Wikipedia
Tok Pisin	625	Q34159	Wikipedia
Tonga	2229	Q678	Wikipedia
1968	6065	Q2644	Wikipedia
1981	6141	Q2437	Wikipedia
Tuvalu	2226	Q672	Wikipedia
1976	6136	Q2480	Wikipedia
2008	6816	Q2004	Wikipedia
Niu Silan	2808	Q664	Wikipedia
Indonisia	1180	Q252	Wikipedia
1945	6040	Q5240	Wikipedia
Kiribas	2228	Q710	Wikipedia
1979	6139	Q2484	Wikipedia
Sandaun	1679	Q753689	Wikipedia
Is Sepik	1676	Q690880	Wikipedia
Rasia	3024	Q159	Wikipedia
1948	6039	Q5165	Wikipedia
1975	6135	Q2479	Wikipedia
1980	6140	Q2439	Wikipedia
Ol Masol Ailan	2230	Q709	Wikipedia
1979	6139	Q2484	Wikipedia
Yurop	1154	Q46	Wikipedia
Ista Ailan	4313	Q14452	Wikipedia
2006	2810	Q2021	Wikipedia
Spen	1161	Q29	Wikipedia
Vanuatu	1129	Q686	Wikipedia
Itali	1633	Q38	Wikipedia
Tonga	2229	Q678	Wikipedia
Tuvalu	2226	Q672	Wikipedia
Yemen	6828	Q805	Wikipedia
Nowe	2233	Q20	Wikipedia
Pinlan	1802	Q33	Wikipedia
Indonisia	1180	Q252	Wikipedia
Nauru	2227	Q697	Wikipedia
Estonia	1651	Q191	Wikipedia
Tok Saina	9054	Q7850	Wikipedia
kapitol	1179	Q5119	Wikipedia
kantri	1890	Q7275	Wikipedia
Vietnam	4768	Q881	Wikipedia
Đồng Hới	4471	Q1877	Wikipedia
kapitol	1179	Q5119	Wikipedia
Meksiko	2826	Q96	Wikipedia
Hangari	2223	Q28	Wikipedia
Yurop	1154	Q46	Wikipedia
Belaras	2232	Q184	Wikipedia
Beljiam	1817	Q31	Wikipedia
Denmak	2080	Q35	Wikipedia
Gris	832	Q41	Wikipedia
Latvia	1650	Q211	Wikipedia
Lituwenia	1649	Q37	Wikipedia
Ol Masol Ailan	2230	Q709	Wikipedia
Ostria	2482	Q40	Wikipedia
Polan	2483	Q36	Wikipedia
Romenia	2484	Q218	Wikipedia
Rasia	3024	Q159	Wikipedia
Saipras	2486	Q229	Wikipedia
San Marino	3266	Q238	Wikipedia
Siamani	1160	Q183	Wikipedia
Slovakia	2487	Q214	Wikipedia
Suwidan	3686	Q34	Wikipedia
Suwisalan	3687	Q39	Wikipedia
Yukren	2490	Q212	Wikipedia
Yunaitet Kingdom	3300	Q145	Wikipedia
Papua Niugini	613	Q691	Wikipedia
1979	6139	Q2484	Wikipedia
Aislan	1800	Q189	Wikipedia
Aislan	1800	Q189	Wikipedia
Ostrelia	622	Q408	Wikipedia
Samoa	6566	Q683	Wikipedia
Spen	1161	Q29	Wikipedia
Kiribas	2228	Q710	Wikipedia
Teki	3675	Q43	Wikipedia
Balgeria	2888	Q219	Wikipedia
Sek Ripablik	6526	Q213	Wikipedia
Andora	3047	Q228	Wikipedia
Albenia	3146	Q222	Wikipedia
Andora	3047	Q228	Wikipedia
Tunde	843	Q127	Wikipedia
mani	1128	Q1368	Wikipedia
Yurop	1154	Q46	Wikipedia
Skotlan	3768	Q22	Wikipedia
Andora	3047	Q228	Wikipedia
diwai	None	Q10884	OpenTapioca
kontinen	1139	Q5107	Wikipedia
Esia	1181	Q48	Wikipedia
Ijip	2606	Q79	Wikipedia
Wels	3767	Q25	Wikipedia
1959	6056	Q5302	Wikipedia
Slovenia	8222	Q215	Wikipedia
1991	2823	Q2062	Wikipedia
Niu Silan	2808	Q664	Wikipedia
Papua Niugini	613	Q691	Wikipedia
Pisin	8659	Q65451264	Wikipedia
Mamel	8657	Q7377	Wikipedia
Reptail	8661	Q10811	Wikipedia
Pis	8662	Q152	Wikipedia
Binatang	8660	Q65451241	Wikipedia
Pisin	8659	Q65451264	Wikipedia
Mamel	8657	Q7377	Wikipedia
bea	8654	Q65451237	Wikipedia
Reptail	8661	Q10811	Wikipedia
Pis	8662	Q152	Wikipedia
Binatang	8660	Q65451241	Wikipedia
Ostrelia	622	Q408	Wikipedia
abus	6864	Q729	Wikipedia
bikpela magani	6866	Q5070208	Wikipedia
Ostrelia	622	Q408	Wikipedia
Niugini	1690	Q40285	Wikipedia
kumul	4512	Q179333	Wikipedia
Rasia	3024	Q159	Wikipedia
Yukren	2490	Q212	Wikipedia
Osenia	1794	Q538	Wikipedia
Papua Niugini	613	Q691	Wikipedia
Ol Yunaitet Stet	1140	Q30	Wikipedia
Ostrelia	622	Q408	Wikipedia
Spen	1161	Q29	Wikipedia
Spen	1161	Q29	Wikipedia
Spen	1161	Q29	Wikipedia
Spen	1161	Q29	Wikipedia
Tok Pisin	625	Q34159	Wikipedia
Hiri Motu	626	Q33617	Wikipedia
Papua Niugini	None	Q691	OpenTapioca
Solomon Ailans	623	Q685	Wikipedia
1977	6137	Q2481	Wikipedia
kapitol	1179	Q5119	Wikipedia
kantri	1890	Q7275	Wikipedia
Sierra Leone	3765	Q1044	Wikipedia
Aprika	2605	Q15	Wikipedia
Armenia	6991	Q399	Wikipedia
Esia	1181	Q48	Wikipedia
Azerbaijan	7557	Q227	Wikipedia
Iran	8238	Q794	Wikipedia
Teki	3675	Q43	Wikipedia
Saut Koria	1799	Q884	Wikipedia
Not Koria	1801	Q423	Wikipedia
Vietnam	4768	Q881	Wikipedia
Bhutan	3783	Q917	Wikipedia
Ol Yunaitet Stet	1140	Q30	Wikipedia
Hawai	None	Q782	OpenTapioca
tok	None	Q21041735	OpenTapioca
Hawai	None	Q782	OpenTapioca
Spen	1161	Q29	Wikipedia
Spen	1161	Q29	Wikipedia
Spen	1161	Q29	Wikipedia
2007	2745	Q2024	Wikipedia
1963	6060	Q2755	Wikipedia
Hangari	2223	Q28	Wikipedia
1963	6060	Q2755	Wikipedia
Hangari	2223	Q28	Wikipedia
1959	6056	Q5302	Wikipedia
Hangari	2223	Q28	Wikipedia
Hangari	2223	Q28	Wikipedia
Hangari	2223	Q28	Wikipedia
Tok Hangari	4469	Q9067	Wikipedia
Hangari	2223	Q28	Wikipedia
Hangari	2223	Q28	Wikipedia
Tok Krowesia	7860	Q6654	Wikipedia
kantri	1890	Q7275	Wikipedia
Yurop	1154	Q46	Wikipedia
Kapitol	1179	Q5119	Wikipedia
Tokples	1182	Q315	Wikipedia
Tok Krowesia	7860	Q6654	Wikipedia
kaunti	1891	Q28575	Wikipedia
kontinen	1139	Q5107	Wikipedia
ailan	1117	Q23442	Wikipedia
lotu	840	Q9174	Wikipedia
lotu Kristen	850	Q5043	Wikipedia
Katolik	852	Q1841	Wikipedia
1991	2823	Q2062	Wikipedia
1995	2817	Q2068	Wikipedia
Sebia	7094	Q403	Wikipedia
Yurop	1154	Q46	Wikipedia
buk	2132	Q571	Wikipedia
2008	6816	Q2004	Wikipedia
1968	6065	Q2644	Wikipedia
Krowesia	7090	Q224	Wikipedia
histori	1939	Q309	Wikipedia
Indo-Yuropien famili bilong tokples	1955	Q19860	Wikipedia
Tok Krowesia	7860	Q6654	Wikipedia
pilosopi	1933	Q5891	Wikipedia
1995	2817	Q2068	Wikipedia
Tok Krowesia	7860	Q6654	Wikipedia
Tok Krowesia	7860	Q6654	Wikipedia
Tok Latin	1911	Q397	Wikipedia
Tok Gris	1935	Q9129	Wikipedia
Tok Lituwenia	3554	Q9083	Wikipedia
Tok Aialan	1901	Q9142	Wikipedia
Septemba	2530	Q123	Wikipedia
Kanada	1913	Q16	Wikipedia
Hangari	2223	Q28	Wikipedia
Yerusalem	2201	Q1218	Wikipedia
Nupela Testamen	2806	Q18813	Wikipedia
Jisas	628	Q302	Wikipedia
Wes Papua	813	Q3845	Wikipedia
Niugini	1690	Q40285	Wikipedia
Vietnam	4768	Q881	Wikipedia
Vietnam	4768	Q881	Wikipedia
Tok Vietnam	7263	Q9199	Wikipedia
Nha Trang	None	Q35525	OpenTapioca
ples balus	6958	Q1248784	Wikipedia
Đồng Hới	4471	Q1877	Wikipedia
Vietnam	4768	Q881	Wikipedia
ples balus	6958	Q1248784	Wikipedia
Vietnam	4768	Q881	Wikipedia
Tok Vietnam	7263	Q9199	Wikipedia
Vietnam	4768	Q881	Wikipedia
kantri	1890	Q7275	Wikipedia
Esia	1181	Q48	Wikipedia
Jisas	628	Q302	Wikipedia
1971	6068	Q2475	Wikipedia
1975	6135	Q2479	Wikipedia
ailan	1117	Q23442	Wikipedia
Ostrelia	622	Q408	Wikipedia
pisin	8659	Q65451264	Wikipedia
Niugini	1690	Q40285	Wikipedia
Novemba	1152	Q125	Wikipedia
Novemba	1152	Q125	Wikipedia
kantri	1890	Q7275	Wikipedia
Siamani	1160	Q183	Wikipedia
Yurop	1154	Q46	Wikipedia
Janueri	867	Q108	Wikipedia
Ogas	1136	Q122	Wikipedia
Septemba	2530	Q123	Wikipedia
Me	1133	Q119	Wikipedia
1947	1130	Q5263	Wikipedia
Epril	820	Q118	Wikipedia
pilosopi	1933	Q5891	Wikipedia
lajik	1934	Q8078	Wikipedia
Krowesia	7090	Q224	Wikipedia
Krowesia	7090	Q224	Wikipedia
pilosopi	1933	Q5891	Wikipedia
1971	6068	Q2475	Wikipedia
lajik	1934	Q8078	Wikipedia
1988	6148	Q2426	Wikipedia
Tok Krowesia	7860	Q6654	Wikipedia
Tok Pisin	625	Q34159	Wikipedia
Tok Saina	9054	Q7850	Wikipedia
1973	6133	Q2477	Wikipedia
1974	6134	Q2478	Wikipedia
Inglan	1153	Q21	Wikipedia
pilosopi	1933	Q5891	Wikipedia
lajik	1934	Q8078	Wikipedia
Tok Saina	9054	Q7850	Wikipedia
Zagreb	None	Q1435	OpenTapioca
buk	2132	Q571	Wikipedia
Tok Krowesia	7860	Q6654	Wikipedia
Tok Saina	9054	Q7850	Wikipedia
2002	2811	Q1987	Wikipedia
1984	6144	Q2432	Wikipedia
1979	6139	Q2484	Wikipedia
Esia	1181	Q48	Wikipedia
ailan	1117	Q23442	Wikipedia
Borneo	7533	Q36117	Wikipedia
Palawan	8356	Q1061269	Wikipedia
Kuala Lumpur	7532	Q1865	Wikipedia
Malesia	None	Q833	OpenTapioca
Malesia	None	Q833	OpenTapioca
Malesia	None	Q833	OpenTapioca
Mo	None	Q28	OpenTapioca
India	None	Q668	OpenTapioca
Malesia	None	Q833	OpenTapioca
Malesia	None	Q833	OpenTapioca
Malesia	8678	Q833	Wikipedia
Putrajaya	8680	Q65451267	Wikipedia
ailan	1117	Q23442	Wikipedia
Esia	1181	Q48	Wikipedia
Palawan	8356	Q1061269	Wikipedia
Indonisia	1180	Q252	Wikipedia
Malesia	8678	Q833	Wikipedia
Brunai	7534	Q921	Wikipedia
Indonesia	None	Q252	OpenTapioca
Kalimantan	None	Q36117	OpenTapioca
Malesia	None	Q833	OpenTapioca
Sabah	None	Q179029	OpenTapioca
Sarawak	None	Q170462	OpenTapioca
Borneo	None	Q36117	OpenTapioca
Brunei	None	Q921	OpenTapioca
Esia	1181	Q48	Wikipedia
ailan	1117	Q23442	Wikipedia
Borneo	7533	Q36117	Wikipedia
tok Latin	1911	Q397	Wikipedia
pater	None	Q733786	OpenTapioca
Jesuit	None	Q36380	OpenTapioca
Argentina	None	Q414	OpenTapioca
Bergoglio	None	Q450675	OpenTapioca
Argentina	None	Q414	OpenTapioca
Pop	None	Q19546	OpenTapioca
Pop	None	Q19546	OpenTapioca
Jesuit	None	Q36380	OpenTapioca
Pop	None	Q19546	OpenTapioca
America	None	Q30	OpenTapioca
Yurop	1154	Q46	Wikipedia
Rasia	3024	Q159	Wikipedia
Iran	8238	Q794	Wikipedia
Armenia	6991	Q399	Wikipedia
Teki	3675	Q43	Wikipedia
Ilham Aliyev	9027	Q57371	Wikipedia
Azerbaijan	7557	Q227	Wikipedia
itali	1633	Q38	Wikipedia
Novemba	1152	Q125	Wikipedia
1966	6063	Q2649	Wikipedia
Spen	1161	Q29	Wikipedia
Rio	None	Q8678	OpenTapioca
Mijares	None	Q20142	OpenTapioca
Campanar	None	Q200334	OpenTapioca
La Murà	None	Q631622	OpenTapioca
Bikpela Briten	1796	Q23666	Wikipedia
Freddie Mercury	None	Q15869	OpenTapioca
Farrokh Bulsara	None	Q15869	OpenTapioca
Ol Yunaitet Stet	1140	Q30	Wikipedia
Borneo	7533	Q36117	Wikipedia
Malesia	8678	Q833	Wikipedia
Ol Yunaitet Stet	1140	Q30	Wikipedia
Itali	1633	Q38	Wikipedia
Kanada	1913	Q16	Wikipedia
Tok Pisin	625	Q34159	Wikipedia
1968	6065	Q2644	Wikipedia
Septemba	2530	Q123	Wikipedia
1967	6064	Q2648	Wikipedia
Julai	1135	Q121	Wikipedia
Saut Koria	1799	Q884	Wikipedia
tokples	1182	Q315	Wikipedia
Tok Pisin	625	Q34159	Wikipedia
Papua Niugini	613	Q691	Wikipedia
Polan	2483	Q36	Wikipedia
Ripablik bilong Aialan	1893	Q27	Wikipedia
Tok Gris	1935	Q9129	Wikipedia
pilosopi	1933	Q5891	Wikipedia
Gris	832	Q41	Wikipedia
Platon	2100	Q859	Wikipedia
Rom	2206	Q220	Wikipedia
Ostrelia	622	Q408	Wikipedia
1961	6058	Q3696	Wikipedia
Rom	2206	Q220	Wikipedia
Tok Latin	1911	Q397	Wikipedia
Rom	2206	Q220	Wikipedia
Polan	2483	Q36	Wikipedia
Polan	2483	Q36	Wikipedia
Bochotnica	None	Q2386011	OpenTapioca
SD	None	Q1049	OpenTapioca
saya	None	Q151135	OpenTapioca
jalan raya	None	Q34442	OpenTapioca
Hanya	None	Q182299	OpenTapioca
Kini	None	Q1006	OpenTapioca
dan	None	Q16867873	OpenTapioca
pohon	None	Q10884	OpenTapioca
stup	None	Q3501152	OpenTapioca
stup	None	Q3501152	OpenTapioca
rumah	None	Q65449172	OpenTapioca
rumah	None	Q65449172	OpenTapioca
pais	None	Q447621	OpenTapioca
pais	None	Q447621	OpenTapioca
rumah	None	Q65449172	OpenTapioca
rumah	None	Q65449172	OpenTapioca
Jakarta	None	Q3630	OpenTapioca
Polan	2483	Q36	Wikipedia
Azerbaijan	7557	Q227	Wikipedia
1918	6166	Q2094	Wikipedia
Bikpela Briten	1796	Q23666	Wikipedia
Krowesia	7090	Q224	Wikipedia
Yurop	1154	Q46	Wikipedia
Tok Latin	1911	Q397	Wikipedia
Koria	819	Q18097	Wikipedia
Inglan	1153	Q21	Wikipedia
pilosopi	1933	Q5891	Wikipedia
at	7343	Q735	Wikipedia
Cracow	None	Q31487	OpenTapioca
Cracow	None	Q31487	OpenTapioca
Polan	None	Q36	OpenTapioca
Kraków	None	Q31487	OpenTapioca
Polan	None	Q36	OpenTapioca
Poznan	None	Q268	OpenTapioca
Poznan	None	Q268	OpenTapioca
Polan	None	Q36	OpenTapioca
Poznań	None	Q268	OpenTapioca
Polan	None	Q36	OpenTapioca
Tok Polan	3020	Q809	Wikipedia
Polan	2483	Q36	Wikipedia
Gdansk	None	Q1792	OpenTapioca
Gdansk	None	Q1792	OpenTapioca
Polan	None	Q36	OpenTapioca
Gdansk	None	Q1792	OpenTapioca
Siamani	None	Q183	OpenTapioca
Danzig	None	Q1792	OpenTapioca
Polan	None	Q36	OpenTapioca
Yurop	None	Q46	OpenTapioca
Itali	1633	Q38	Wikipedia
Polan	2483	Q36	Wikipedia
Polan	2483	Q36	Wikipedia
Papua Niugini	None	Q691	OpenTapioca
Divine Word University	None	Q5284156	OpenTapioca
Madang	None	Q326254	OpenTapioca
Goroka	1704	Q498192	Wikipedia
Luteran	None	Q75809	OpenTapioca
Jemani	None	Q183	OpenTapioca
Australia	None	Q408	OpenTapioca
Papua Niugini	None	Q691	OpenTapioca
Pasto	None	Q30121	OpenTapioca
India	1175	Q668	Wikipedia
Spen	1161	Q29	Wikipedia
Frens	836	Q142	Wikipedia
Kanada	1913	Q16	Wikipedia
Kanada	1913	Q16	Wikipedia
Tok Spen	2999	Q1321	Wikipedia
Tok Spen	2999	Q1321	Wikipedia
Saut Amerika	3042	Q18	Wikipedia
Sili	8126	Q298	Wikipedia
Hangari	2223	Q28	Wikipedia
Budapest	4089	Q1781	Wikipedia
Spen	1161	Q29	Wikipedia
Spen	1161	Q29	Wikipedia
Spen	1161	Q29	Wikipedia
Spen	1161	Q29	Wikipedia
save	None	Q7520260	OpenTapioca
Amerika	None	Q49	OpenTapioca
aut	None	Q40	OpenTapioca
Laion	None	Q420006	OpenTapioca
Saut Amerika	None	Q18	OpenTapioca
diwai	None	Q10884	OpenTapioca
Brasil	8256	Q155	Wikipedia
Yukren	2490	Q212	Wikipedia
Spen	1161	Q29	Wikipedia
Itali	1633	Q38	Wikipedia
Tok Gris	1935	Q9129	Wikipedia
pilosopi	1933	Q5891	Wikipedia
Gris	832	Q41	Wikipedia
Estonia	1651	Q191	Wikipedia
2006	2810	Q2021	Wikipedia
1953	6050	Q18585	Wikipedia
Estonia	1651	Q191	Wikipedia
1979	6139	Q2484	Wikipedia
kantri	1890	Q7275	Wikipedia
Yurop	1154	Q46	Wikipedia
Kapitol	1179	Q5119	Wikipedia
kantri	1890	Q7275	Wikipedia
Yurop	1154	Q46	Wikipedia
Kapitol	1179	Q5119	Wikipedia
kantri	1890	Q7275	Wikipedia
Esia	1181	Q48	Wikipedia
Kapitol	1179	Q5119	Wikipedia
Ogas	1136	Q122	Wikipedia
Amerika	1137	Q26290	Wikipedia
kantri	1890	Q7275	Wikipedia
Esia	1181	Q48	Wikipedia
Kapitol	1179	Q5119	Wikipedia
kantri	1890	Q7275	Wikipedia
Esia	1181	Q48	Wikipedia
Kapitol	1179	Q5119	Wikipedia
kantri	1890	Q7275	Wikipedia
Esia	1181	Q48	Wikipedia
Kapitol	1179	Q5119	Wikipedia
kantri	1890	Q7275	Wikipedia
Esia	1181	Q48	Wikipedia
Kapitol	1179	Q5119	Wikipedia
Dili	9059	Q9310	Wikipedia
kantri	1890	Q7275	Wikipedia
Esia	1181	Q48	Wikipedia
Kapitol	1179	Q5119	Wikipedia
kantri	1890	Q7275	Wikipedia
Esia	1181	Q48	Wikipedia
Kapitol	1179	Q5119	Wikipedia
kantri	1890	Q7275	Wikipedia
Esia	1181	Q48	Wikipedia
Kapitol	1179	Q5119	Wikipedia
kantri	1890	Q7275	Wikipedia
Esia	1181	Q48	Wikipedia
Kapitol	1179	Q5119	Wikipedia
kantri	1890	Q7275	Wikipedia
Esia	1181	Q48	Wikipedia
Kapitol	1179	Q5119	Wikipedia
Kathmandu	8854	Q3037	Wikipedia
kantri	1890	Q7275	Wikipedia
Esia	1181	Q48	Wikipedia
Kapitol	1179	Q5119	Wikipedia
kantri	1890	Q7275	Wikipedia
Esia	1181	Q48	Wikipedia
Kapitol	1179	Q5119	Wikipedia
kantri	1890	Q7275	Wikipedia
Esia	1181	Q48	Wikipedia
Kapitol	1179	Q5119	Wikipedia
kantri	1890	Q7275	Wikipedia
Esia	1181	Q48	Wikipedia
Kapitol	1179	Q5119	Wikipedia
kantri	1890	Q7275	Wikipedia
Esia	1181	Q48	Wikipedia
Kapitol	1179	Q5119	Wikipedia
kantri	1890	Q7275	Wikipedia
Esia	1181	Q48	Wikipedia
Kapitol	1179	Q5119	Wikipedia
kantri	1890	Q7275	Wikipedia
Esia	1181	Q48	Wikipedia
Kapitol	1179	Q5119	Wikipedia
kantri	1890	Q7275	Wikipedia
Esia	1181	Q48	Wikipedia
Kapitol	1179	Q5119	Wikipedia
kantri	1890	Q7275	Wikipedia
Esia	1181	Q48	Wikipedia
Kapitol	1179	Q5119	Wikipedia
kantri	1890	Q7275	Wikipedia
Esia	1181	Q48	Wikipedia
Kapitol	1179	Q5119	Wikipedia
kantri	1890	Q7275	Wikipedia
Esia	1181	Q48	Wikipedia
Kapitol	1179	Q5119	Wikipedia
kantri	1890	Q7275	Wikipedia
Esia	1181	Q48	Wikipedia
Kapitol	1179	Q5119	Wikipedia
kantri	1890	Q7275	Wikipedia
Saut Amerika	3042	Q18	Wikipedia
Kapitol	1179	Q5119	Wikipedia
kantri	1890	Q7275	Wikipedia
Saut Amerika	3042	Q18	Wikipedia
Kapitol	1179	Q5119	Wikipedia
kantri	1890	Q7275	Wikipedia
Saut Amerika	3042	Q18	Wikipedia
Kapitol	1179	Q5119	Wikipedia
kantri	1890	Q7275	Wikipedia
Saut Amerika	3042	Q18	Wikipedia
Kapitol	1179	Q5119	Wikipedia
Bogotá	8383	Q2841	Wikipedia
kantri	1890	Q7275	Wikipedia
Saut Amerika	3042	Q18	Wikipedia
Kapitol	1179	Q5119	Wikipedia
kantri	1890	Q7275	Wikipedia
Saut Amerika	3042	Q18	Wikipedia
Kapitol	1179	Q5119	Wikipedia
kantri	1890	Q7275	Wikipedia
Saut Amerika	3042	Q18	Wikipedia
Kapitol	1179	Q5119	Wikipedia
kantri	1890	Q7275	Wikipedia
Saut Amerika	3042	Q18	Wikipedia
Kapitol	1179	Q5119	Wikipedia
kantri	1890	Q7275	Wikipedia
Saut Amerika	3042	Q18	Wikipedia
Kapitol	1179	Q5119	Wikipedia
kantri	1890	Q7275	Wikipedia
Saut Amerika	3042	Q18	Wikipedia
Kapitol	1179	Q5119	Wikipedia
kantri	1890	Q7275	Wikipedia
Saut Amerika	3042	Q18	Wikipedia
Kapitol	1179	Q5119	Wikipedia
1992	2819	Q2060	Wikipedia
1996	2814	Q2070	Wikipedia
1921	6266	Q2162	Wikipedia
Maikronisia	8354	Q3359409	Wikipedia
Bogenvil	1178	Q18826	Wikipedia
Papua Niugini	613	Q691	Wikipedia
1988	6148	Q2426	Wikipedia
Maikronisia	None	Q3359409	OpenTapioca
Maikronisia	None	Q3359409	OpenTapioca
Mikronesien	None	Q702	OpenTapioca
Staaten	None	Q30	OpenTapioca
Filipin	8358	Q928	Wikipedia
Philippines	None	Q928	OpenTapioca
Borneo	7533	Q36117	Wikipedia
Palawan	None	Q13869	OpenTapioca
Palawan	None	Q13869	OpenTapioca
Palawan	None	Q13869	OpenTapioca
Palawan	None	Q13869	OpenTapioca
Busuanga	None	Q111393	OpenTapioca
Coron	None	Q111414	OpenTapioca
Culion	None	Q111427	OpenTapioca
Palawan	None	Q13869	OpenTapioca
Kalayaan. Palawan	None	Q111495	OpenTapioca
Tagbanwa	8357	Q838452	Wikipedia
Palawan	None	Q13869	OpenTapioca
Cuyo	None	Q111438	OpenTapioca
Luzon	None	Q125384	OpenTapioca
Ilo	None	Q1944257	OpenTapioca
Ilo	None	Q1944257	OpenTapioca
Puerto Princesa City	None	Q111739	OpenTapioca
Palawan	8356	Q1061269	Wikipedia
Palawan	None	Q13869	OpenTapioca
Aborlan	None	Q111338	OpenTapioca
Puerto Princesa City	None	Q111739	OpenTapioca
kantri	1890	Q7275	Wikipedia
Esia	1181	Q48	Wikipedia
Kapitol	1179	Q5119	Wikipedia
Filipin	None	Q928	OpenTapioca
Republika ng Pilipinas	None	Q928	OpenTapioca
Philippines	None	Q928	OpenTapioca
Filipin	None	Q928	OpenTapioca
Palawan	8356	Q1061269	Wikipedia
Palawan	8356	Q1061269	Wikipedia
Filipin	8358	Q928	Wikipedia
Narra	None	Q111535	OpenTapioca
Palawan	None	Q13869	OpenTapioca
Narra	None	Q111535	OpenTapioca
Palawan	None	Q13869	OpenTapioca
Katala	None	Q846	OpenTapioca
Barangay	None	Q61878	OpenTapioca
Barangay	None	Q61878	OpenTapioca
kapitol	1179	Q5119	Wikipedia
Kolambia	8259	Q739	Wikipedia
Palawan	8356	Q1061269	Wikipedia
Filipin	8358	Q928	Wikipedia
Sili	8126	Q298	Wikipedia
Saut Amerika	3042	Q18	Wikipedia
Filipin	None	Q928	OpenTapioca
Pilipinas	None	Q928	OpenTapioca
gol	None	Q23397	OpenTapioca
Filipin	None	Q928	OpenTapioca
Spen	None	Q29	OpenTapioca
Filipin	None	Q928	OpenTapioca
Filipin	None	Q928	OpenTapioca
Luzon	None	Q125384	OpenTapioca
Filipin	None	Q928	OpenTapioca
The Temple Institute (מכון המקדש	None	Q2909160	OpenTapioca
Not Koria	1801	Q423	Wikipedia
Bosnia na Hesegovina	8072	Q225	Wikipedia
Spen	1161	Q29	Wikipedia
Frens	836	Q142	Wikipedia
Beljiam	1817	Q31	Wikipedia
Brasil	8256	Q155	Wikipedia
Ol Manmeri Ripablik bilong Saina	1815	Q148	Wikipedia
Laos	8229	Q819	Wikipedia
Krowesia	7090	Q224	Wikipedia
Ripablik bilong Aialan	1893	Q27	Wikipedia
Venesuwela	8266	Q717	Wikipedia
Ripablik bilong Saina	1925	Q865	Wikipedia
Israel	7269	Q801	Wikipedia
ישראל	None	Q801	OpenTapioca
Ajentina	8257	Q414	Wikipedia
Sebia	7094	Q403	Wikipedia
Iran	8238	Q794	Wikipedia
Ekuwado	8260	Q736	Wikipedia
Brasil	8256	Q155	Wikipedia
Senegal	2608	Q1041	Wikipedia
Afghanistan	8236	Q889	Wikipedia
Bosnia na Hesegovina	8072	Q225	Wikipedia
Oman	8252	Q842	Wikipedia
Brunai	7534	Q921	Wikipedia
Pakistan	8241	Q843	Wikipedia
India	1175	Q668	Wikipedia
Singapore	8230	Q334	Wikipedia
Slovenia	8222	Q215	Wikipedia
Saudi Arabia	8254	Q851	Wikipedia
Panama	3587	Q804	Wikipedia
United Arab Emirates	8255	Q878	Wikipedia
Jordan	8247	Q810	Wikipedia
Kolambia	8259	Q739	Wikipedia
Saut Aprika	841	Q258	Wikipedia
Bahrain	8243	Q398	Wikipedia
Peru	8263	Q419	Wikipedia
Qatar	8253	Q846	Wikipedia
Lebanon	8246	Q822	Wikipedia
Myanmar	8232	Q836	Wikipedia
Kuwait	8248	Q817	Wikipedia
Sri Lanka	8242	Q854	Wikipedia
Laksembog	9034	Q32	Wikipedia
Septemba	2530	Q123	Wikipedia
Bangladesh	8237	Q902	Wikipedia
Papua Niugini	613	Q691	Wikipedia
Sen	None	Q1041	OpenTapioca
Sen	None	Q1041	OpenTapioca
tok	None	Q21041735	OpenTapioca
tok	None	Q21041735	OpenTapioca
tok	None	Q21041735	OpenTapioca
tok	None	Q21041735	OpenTapioca
Bolivia	8258	Q750	Wikipedia
Gabon	1172	Q1000	Wikipedia
Nepal	8240	Q837	Wikipedia
Sierra Leone	3765	Q1044	Wikipedia
Solomon Ailans	623	Q685	Wikipedia
Ol Pedereted Stet bilong Maikronisia	8352	Q702	Wikipedia
Maldives	8239	Q826	Wikipedia
Syria	8245	Q858	Wikipedia
Polan	2483	Q36	Wikipedia
Polan	2483	Q36	Wikipedia
kantri	1890	Q7275	Wikipedia
Siamani	1160	Q183	Wikipedia
Yurop	1154	Q46	Wikipedia
historia	None	Q762966	OpenTapioca
historia	None	Q762966	OpenTapioca
Ogas	1136	Q122	Wikipedia
Novemba	1152	Q125	Wikipedia
Amerika	1137	Q26290	Wikipedia
Tok Gris	1935	Q9129	Wikipedia
Tok Balgeria	3555	Q7918	Wikipedia
Tok Latin	1911	Q397	Wikipedia
Teki	3675	Q43	Wikipedia
Edward O. Wilson	None	Q211029	OpenTapioca
diwai	None	Q10884	OpenTapioca
ivolusan	8648	Q1063	Wikipedia
Larry Orsak	8658	Q65451254	Wikipedia
dikteta	8841	Q97271329	Wikipedia
netirel seleksan	8835	Q97271343	Wikipedia
bigpela bang	8836	Q97271324	Wikipedia
Papa	None	Q19546	OpenTapioca
wol	None	Q42329	OpenTapioca
biodaivesiti	8646	Q47041	Wikipedia
Man	None	Q9676	OpenTapioca
USA	None	Q30	OpenTapioca
Lo	None	Q34442	OpenTapioca
Environmen	8649	Q1572519	Wikipedia
biodaivesiti	8646	Q47041	Wikipedia
mamel	8657	Q7377	Wikipedia
Yurop	1154	Q46	Wikipedia
Amerika	1137	Q26290	Wikipedia
molekel	8837	Q97271338	Wikipedia
yumi	None	Q11255596	OpenTapioca
mas	None	Q585956	OpenTapioca
Java	None	Q3757	OpenTapioca
Pascal	None	Q1290	OpenTapioca
tok	None	Q21041735	OpenTapioca
slip kapul	8840	Q97271347	Wikipedia
bulmakau	6979	Q4767951	Wikipedia
bea	8654	Q65451237	Wikipedia
Larry	None	Q4934	OpenTapioca
Amerika	None	Q49	OpenTapioca
USA	None	Q30	OpenTapioca
Morobe	1685	Q853664	Wikipedia
Lae	1686	Q612250	Wikipedia
biodaivesiti	8646	Q47041	Wikipedia
Philippe Cuénoud	8834	Q19598568	Wikipedia
PNG	None	Q691	OpenTapioca
PNG	None	Q691	OpenTapioca
USA	None	Q30	OpenTapioca
Papua Niugini	None	Q691	OpenTapioca
kumul	4512	Q179333	Wikipedia
muruk	9050	Q201231	Wikipedia
Ajentina	8257	Q414	Wikipedia
1970	6067	Q2474	Wikipedia
Montsoreau	None	Q656699	OpenTapioca
Indonisia	None	Q252	OpenTapioca
Jawa	None	Q3757	OpenTapioca
Bali	None	Q3125978	OpenTapioca
Esia	1181	Q48	Wikipedia
ailan	1117	Q23442	Wikipedia
Borneo	7533	Q36117	Wikipedia
Palawan	8356	Q1061269	Wikipedia
Kuala Lumpur	7532	Q1865	Wikipedia
Malesia	None	Q833	OpenTapioca
Malesia	None	Q833	OpenTapioca
Britain	None	Q145	OpenTapioca
Malesia	None	Q833	OpenTapioca
Mo	None	Q28	OpenTapioca
India	None	Q668	OpenTapioca
Malesia	None	Q833	OpenTapioca
Malesia	None	Q833	OpenTapioca
Papua Niugini	613	Q691	Wikipedia
Enga	1695	Q862584	Wikipedia
Malesia	8678	Q833	Wikipedia
Kuala Lumpur	7532	Q1865	Wikipedia
Malesia	8678	Q833	Wikipedia
Tokyo	2611	Q1490	Wikipedia
Kolambia	8259	Q739	Wikipedia
Niu Saut Wels	8964	Q3224	Wikipedia
Ostrelia	622	Q408	Wikipedia
Sidni	8908	Q3130	Wikipedia
Brisbin	8980	Q34932	Wikipedia
Manilla	None	Q1461	OpenTapioca
Fossickers Way	None	Q1328340	OpenTapioca
Namba	None	Q35765	OpenTapioca
kam	None	Q740445	OpenTapioca
Allan Cunningham	None	Q545888	OpenTapioca
diwai	None	Q10884	OpenTapioca
gol	None	Q23397	OpenTapioca
Ol	None	Q17637361	OpenTapioca
Katolik	852	Q1841	Wikipedia
Niu Saut Wels	None	Q3224	OpenTapioca
hip	None	Q374615	OpenTapioca
Barraba	None	Q808793	OpenTapioca
Foundation	None	Q191360	OpenTapioca
Australia	None	Q408	OpenTapioca
mas	None	Q585956	OpenTapioca
Ol	None	Q17637361	OpenTapioca
Hunter-New England Health	None	Q30252573	OpenTapioca
Man	None	Q9676	OpenTapioca
Man	None	Q9676	OpenTapioca
bulmakau	6979	Q4767951	Wikipedia
Manilla	None	Q1461	OpenTapioca
Siapan	1927	Q17	Wikipedia
kantri	1890	Q7275	Wikipedia
Ostria	2482	Q40	Wikipedia
Yurop	1154	Q46	Wikipedia
1984	6144	Q2432	Wikipedia
Suwidan	3686	Q34	Wikipedia
Hong Kong	9056	Q8646	Wikipedia
Niu Kaledonia	7329	Q33788	Wikipedia
Yunaitet Kingdom	3300	Q145	Wikipedia
Rasia	3024	Q159	Wikipedia
Ol Manmeri Ripablik bilong Saina	1815	Q148	Wikipedia
Ol Manmeri Ripablik bilong Saina	1815	Q148	Wikipedia
Ijip	2606	Q79	Wikipedia
Hong Kong	9056	Q8646	Wikipedia
Saudi Arabia	8254	Q851	Wikipedia
Sebia	7094	Q403	Wikipedia
Syria	8245	Q858	Wikipedia
Ripablik bilong Saina	1925	Q865	Wikipedia
Ripablik bilong Saina	1925	Q865	Wikipedia
Yukren	2490	Q212	Wikipedia
United Arab Emirates	8255	Q878	Wikipedia
India	1175	Q668	Wikipedia
India	1175	Q668	Wikipedia
India	1175	Q668	Wikipedia
Singapore	8230	Q334	Wikipedia
Singapore	8230	Q334	Wikipedia
Saut Koria	1799	Q884	Wikipedia
Sri Lanka	8242	Q854	Wikipedia
Sri Lanka	8242	Q854	Wikipedia
India	1175	Q668	Wikipedia
India	1175	Q668	Wikipedia
India	1175	Q668	Wikipedia
India	1175	Q668	Wikipedia
Iran	8238	Q794	Wikipedia
Jordan	8247	Q810	Wikipedia
Qatar	8253	Q846	Wikipedia
Balgeria	2888	Q219	Wikipedia
Larry Orsak	8658	Q65451254	Wikipedia
ivolusan	8648	Q1063	Wikipedia
ivolusan	8648	Q1063	Wikipedia
DNA	8838	Q7430	Wikipedia
Hos	None	Q1349025	OpenTapioca
Ol	None	Q17637361	OpenTapioca
Ol	None	Q17637361	OpenTapioca
Papa	None	Q19546	OpenTapioca
Papa	None	Q19546	OpenTapioca
wol	None	Q42329	OpenTapioca
papa	None	Q19546	OpenTapioca
Rosalind Franklin	None	Q7474	OpenTapioca
Francis Crick	None	Q123280	OpenTapioca
James Watson	None	Q83333	OpenTapioca
Nobel	None	Q23810	OpenTapioca
mamel	8657	Q7377	Wikipedia
Saut Amerika	3042	Q18	Wikipedia
diwai	None	Q10884	OpenTapioca
demokrasi	8647	Q65451243	Wikipedia
kaunti	1891	Q28575	Wikipedia
Ripablik bilong Aialan	1893	Q27	Wikipedia
kapitol	1179	Q5119	Wikipedia
kantri	1890	Q7275	Wikipedia
Balgeria	2888	Q219	Wikipedia
2008	6816	Q2004	Wikipedia
Nepal	8240	Q837	Wikipedia
Giraun	None	Q2	OpenTapioca
Pensilvania	None	Q1400	OpenTapioca
at	7343	Q735	Wikipedia
egrikalsa	2090	Q11451	Wikipedia
virus	8876	Q808	Wikipedia
COVID-19 pandemic	8870	Q81068910	Wikipedia
SARS-CoV-2	8867	Q82069695	Wikipedia
Ol Yunaitet Stet	1140	Q30	Wikipedia
SARS-CoV-2	8867	Q82069695	Wikipedia
Papua Niugini	613	Q691	Wikipedia
Spen	1161	Q29	Wikipedia
Lae	1686	Q612250	Wikipedia
1969	6066	Q2485	Wikipedia
India	1175	Q668	Wikipedia
1947	1130	Q5263	Wikipedia
Novemba	1152	Q125	Wikipedia
Ol Yunaitet Stet	1140	Q30	Wikipedia
giaman tiori	8896	Q159535	Wikipedia
Joe Biden	8892	Q6279	Wikipedia
Donald Trump	8887	Q22686	Wikipedia
Papua Niugini	613	Q691	Wikipedia
dai	None	Q4036979	OpenTapioca
kantri	1890	Q7275	Wikipedia
Yurop	1154	Q46	Wikipedia
mun	604	Q1556605	Wikipedia
Donald Trump	8887	Q22686	Wikipedia
Niu Saut Wels	8964	Q3224	Wikipedia
Ostrelia	622	Q408	Wikipedia
Niu Saut Wels	8964	Q3224	Wikipedia
Ostrelia	622	Q408	Wikipedia
Sidni	8908	Q3130	Wikipedia
Ostrelia	622	Q408	Wikipedia
Tok Pisin	625	Q34159	Wikipedia
Solomon Ailans Pijin	8917	Q36699	Wikipedia
Solomon Ailans	623	Q685	Wikipedia
Bislama	3770	Q35452	Wikipedia
Tok Pisin	625	Q34159	Wikipedia
Tores Stret Kriol	8915	Q36648	Wikipedia
Ol Yunaitet Stet	1140	Q30	Wikipedia
Bikpela Briten	1796	Q23666	Wikipedia
Indastri	None	Q2726562	OpenTapioca
Industry	None	Q2726562	OpenTapioca
tokples	1182	Q315	Wikipedia
Pinlan	1802	Q33	Wikipedia
tokples	1182	Q315	Wikipedia
Suwidan	3686	Q34	Wikipedia
Pinlan	1802	Q33	Wikipedia
1948	6039	Q5165	Wikipedia
Pinlan	1802	Q33	Wikipedia
Tarja Halonen	8953	Q29213	Wikipedia
1985	6145	Q2431	Wikipedia
Pinlan	1802	Q33	Wikipedia
1943	6042	Q18623	Wikipedia
Pinlan	1802	Q33	Wikipedia
2000	2813	Q1985	Wikipedia
2006	2810	Q2021	Wikipedia
Wikipedia	842	Q52	Wikipedia
Tok Pisin	625	Q34159	Wikipedia
Papua Niugini	613	Q691	Wikipedia
Bislama	3770	Q35452	Wikipedia
Tokples Siapan	6103	Q5287	Wikipedia
Siapan	1927	Q17	Wikipedia
Ostria	2482	Q40	Wikipedia
Niu Silan	2808	Q664	Wikipedia
Not Ailan	9012	Q118863	Wikipedia
Ostrelia	622	Q408	Wikipedia
Sidni	8908	Q3130	Wikipedia
Ostrelia	622	Q408	Wikipedia
kapitol	1179	Q5119	Wikipedia
Sidni	8908	Q3130	Wikipedia
Ostrelia	622	Q408	Wikipedia
kapitol	1179	Q5119	Wikipedia
Brisbin	8980	Q34932	Wikipedia
Ostrelia	622	Q408	Wikipedia
kapitol	1179	Q5119	Wikipedia
Melben	8979	Q3141	Wikipedia
ailan	1117	Q23442	Wikipedia
Ostrelia	622	Q408	Wikipedia
kapitol	1179	Q5119	Wikipedia
Hobat	4321	Q40191	Wikipedia
Ostrelia	622	Q408	Wikipedia
kapitol	1179	Q5119	Wikipedia
Pet	8981	Q3183	Wikipedia
Ostrelia	622	Q408	Wikipedia
kapitol	1179	Q5119	Wikipedia
Adalet	8982	Q5112	Wikipedia
Ostrelia	622	Q408	Wikipedia
kapitol	1179	Q5119	Wikipedia
Kambra	3786	Q3114	Wikipedia
Ostrelia	622	Q408	Wikipedia
kapitol	1179	Q5119	Wikipedia
Dawin	8983	Q11568	Wikipedia
Viktoria	8966	Q36687	Wikipedia
Ostrelia	622	Q408	Wikipedia
Kwinslan	8965	Q36074	Wikipedia
Ostrelia	622	Q408	Wikipedia
Wes Ostrelia	8969	Q3206	Wikipedia
Ostrelia	622	Q408	Wikipedia
Saut Ostrelia	8970	Q35715	Wikipedia
Ostrelia	622	Q408	Wikipedia
Noten Teritori	8972	Q3235	Wikipedia
Ostrelia	622	Q408	Wikipedia
Kwinslan	8965	Q36074	Wikipedia
Ostrelia	622	Q408	Wikipedia
Kwinslan	8965	Q36074	Wikipedia
Ostrelia	622	Q408	Wikipedia
Tasmenia	8968	Q34366	Wikipedia
Ostrelia	622	Q408	Wikipedia
Niu Saut Wels	8964	Q3224	Wikipedia
Ostrelia	622	Q408	Wikipedia
Niu Saut Wels	8964	Q3224	Wikipedia
Ostrelia	622	Q408	Wikipedia
Viktoria	8966	Q36687	Wikipedia
Ostrelia	622	Q408	Wikipedia
Viktoria	8966	Q36687	Wikipedia
Ostrelia	622	Q408	Wikipedia
Kwinslan	8965	Q36074	Wikipedia
Ostrelia	622	Q408	Wikipedia
Viktoria	8966	Q36687	Wikipedia
Ostrelia	622	Q408	Wikipedia
Kwinslan	8965	Q36074	Wikipedia
Ostrelia	622	Q408	Wikipedia
Niu Saut Wels	8964	Q3224	Wikipedia
Ostrelia	622	Q408	Wikipedia
Sidni	8908	Q3130	Wikipedia
Niu Saut Wels	8964	Q3224	Wikipedia
Ostrelia	622	Q408	Wikipedia
kapitol	1179	Q5119	Wikipedia
Niu Silan	2808	Q664	Wikipedia
Niu Silan	2808	Q664	Wikipedia
Niu Silan	2808	Q664	Wikipedia
Niu Silan	2808	Q664	Wikipedia
Niu Silan	2808	Q664	Wikipedia
Saut Ailan	6858	Q120755	Wikipedia
Papua Niugini	613	Q691	Wikipedia
Suwidan	3686	Q34	Wikipedia
Suwidan	3686	Q34	Wikipedia
Azerbaijan	7557	Q227	Wikipedia
1961	6058	Q3696	Wikipedia
Bikpela Briten	1796	Q23666	Wikipedia
Bikpela Briten	1796	Q23666	Wikipedia
Amerika	1137	Q26290	Wikipedia
Bikpela Briten	1796	Q23666	Wikipedia
Laksembog	9034	Q32	Wikipedia
1973	6133	Q2477	Wikipedia
Yurop	1154	Q46	Wikipedia
Kapitol	1179	Q5119	Wikipedia
Yunaitet Kingdom	3300	Q145	Wikipedia
Kolorado	6451	Q1261	Wikipedia
SARS-CoV-2	8867	Q82069695	Wikipedia
Papua Niugini	613	Q691	Wikipedia
Tok Swidan	8950	Q9027	Wikipedia
pisin	8659	Q65451264	Wikipedia
Kwinslan	8965	Q36074	Wikipedia
Ostrelia	622	Q408	Wikipedia
Niugini	1690	Q40285	Wikipedia
Papua Niugini	613	Q691	Wikipedia
Wes Papua	813	Q3845	Wikipedia
Niu Briten	2537	Q59771	Wikipedia
Tok Saina	9054	Q7850	Wikipedia
tokples	1182	Q315	Wikipedia
Taiwan	1926	Q22502	Wikipedia
Hong Kong	9056	Q8646	Wikipedia
Makau	9057	Q14773	Wikipedia
Malesia	8678	Q833	Wikipedia
Tailan	5803	Q869	Wikipedia
Filipin	8358	Q928	Wikipedia
Ostrelia	622	Q408	Wikipedia
Niu Silan	2808	Q664	Wikipedia
